api_latency_s,api_retries,async,async_applied_at,cap,clock_s,co_max,completed,controller_wait_s,decisions,exec_s,fatal,final_U,final_p,governor_summary,group,guards,host,init,interval,lin_p_total,method,model_calls,n_changes,outer_max,outer_total,path,rc,run,slow_capped_steps,steps,steps_planned,template,tight,u_err_l2,unconverged_steps,unstable_steps,wall_s
0,0,False,[],50,686.0,4.847299292,True,0.0,0,679.78,False,0.7,0.3,,t_gov,0,node300,,0,17534,static,0,0,31,6758,,0,cav3T_Re1000_dt15__default,,267,267,cav3T_Re1000_dt15,0,1.6189204773797926e-06,0,,687.75
15.3,,True,,50,550.0,,True,,26,543.35,False,0.9032,0.516,"{'completed': True, 'decisions': 26, 'steps': 267, 'outer_total': 4212, 'slow_capped_steps': 0, 'unstable_steps': 0, 'final_factors': {'U': 0.9032, 'p': 0.516}}",t_gov,,node062,,10,,gov_jev,26,,31,4212,,0,cav3T_Re1000_dt15__govJev_async_r0,0,267,267,cav3T_Re1000_dt15,,0.0032486112068546235,0,0,551.53
16.15,,True,,50,613.0,,True,,26,603.8,False,0.9032,0.516,"{'completed': True, 'decisions': 26, 'steps': 267, 'outer_total': 4212, 'slow_capped_steps': 0, 'unstable_steps': 0, 'final_factors': {'U': 0.9032, 'p': 0.516}}",t_gov,,node062,,10,,gov_jev,26,,31,4212,,0,cav3T_Re1000_dt15__govJev_async_r1,0,267,267,cav3T_Re1000_dt15,,0.0032486112068546235,0,0,614.59
16.13,,True,,50,618.0,,True,,26,596.94,False,0.9032,0.516,"{'completed': True, 'decisions': 26, 'steps': 267, 'outer_total': 4209, 'slow_capped_steps': 0, 'unstable_steps': 0, 'final_factors': {'U': 0.9032, 'p': 0.516}}",t_gov,,node062,,10,,gov_jev,26,,31,4209,,0,cav3T_Re1000_dt15__govJev_async_r2,0,267,267,cav3T_Re1000_dt15,,0.003248601969694691,0,0,622.35
15.73,,False,,50,646.0,,True,,26,604.53,False,0.9032,0.516,"{'completed': True, 'decisions': 26, 'steps': 267, 'outer_total': 4198, 'slow_capped_steps': 0, 'unstable_steps': 0, 'final_factors': {'U': 0.9032, 'p': 0.516}}",t_gov,,node062,,10,,gov_jev,26,,31,4198,,0,cav3T_Re1000_dt15__govJev_r0,0,267,267,cav3T_Re1000_dt15,,0.0032485791770188763,0,0,650.2
15.45,,False,,50,580.0,,True,,26,551.85,False,0.9032,0.516,"{'completed': True, 'decisions': 26, 'steps': 267, 'outer_total': 4198, 'slow_capped_steps': 0, 'unstable_steps': 0, 'final_factors': {'U': 0.9032, 'p': 0.516}}",t_gov,,node062,,10,,gov_jev,26,,31,4198,,0,cav3T_Re1000_dt15__govJev_r1,0,267,267,cav3T_Re1000_dt15,,0.0032485791770188763,0,0,581.35
16.53,,False,,50,639.0,,True,,26,596.19,False,0.9032,0.516,"{'completed': True, 'decisions': 26, 'steps': 267, 'outer_total': 4198, 'slow_capped_steps': 0, 'unstable_steps': 0, 'final_factors': {'U': 0.9032, 'p': 0.516}}",t_gov,,node062,,10,,gov_jev,26,,31,4198,,0,cav3T_Re1000_dt15__govJev_r2,0,267,267,cav3T_Re1000_dt15,,0.0032485791770188763,0,0,643.07
0,,False,,50,528.0,,True,,26,521.8,False,0.9032,0.516,"{'completed': True, 'decisions': 26, 'steps': 267, 'outer_total': 4198, 'slow_capped_steps': 0, 'unstable_steps': 0, 'final_factors': {'U': 0.9032, 'p': 0.516}}",t_gov,,node300,,10,,gov_rules,0,,31,4198,,0,cav3T_Re1000_dt15__govRules,0,267,267,cav3T_Re1000_dt15,,0.0032485791770188763,0,0,529.62
0,0,False,[],50,486.0,9.683099731,True,0.0,0,479.46,False,0.7,0.3,,t_gov,0,node062,,0,11102,static,0,0,37,3864,,0,cav3T_Re1000_dt30__default,,133,133,cav3T_Re1000_dt30,0,2.9625354569751597e-06,0,,487.6
7.8,,True,,50,437.0,,True,,13,429.79,False,0.9032,0.3396,"{'completed': True, 'decisions': 13, 'steps': 133, 'outer_total': 3067, 'slow_capped_steps': 0, 'unstable_steps': 0, 'final_factors': {'U': 0.9032, 'p': 0.3396}}",t_gov,,node300,,10,,gov_jev,13,,37,3067,,0,cav3T_Re1000_dt30__govJev_async_r0,0,133,133,cav3T_Re1000_dt30,,0.003369930149316002,0,0,437.51
7.87,,True,,50,373.0,,True,,13,368.39,False,0.9032,0.3396,"{'completed': True, 'decisions': 13, 'steps': 133, 'outer_total': 3067, 'slow_capped_steps': 0, 'unstable_steps': 0, 'final_factors': {'U': 0.9032, 'p': 0.3396}}",t_gov,,node300,,10,,gov_jev,13,,37,3067,,0,cav3T_Re1000_dt30__govJev_async_r1,0,133,133,cav3T_Re1000_dt30,,0.003369930149316002,0,0,375.24
7.8,,True,,50,445.0,,True,,13,421.23,False,0.9032,0.3396,"{'completed': True, 'decisions': 13, 'steps': 133, 'outer_total': 3067, 'slow_capped_steps': 0, 'unstable_steps': 0, 'final_factors': {'U': 0.9032, 'p': 0.3396}}",t_gov,,node300,,10,,gov_jev,13,,37,3067,,0,cav3T_Re1000_dt30__govJev_async_r2,0,133,133,cav3T_Re1000_dt30,,0.003369930149316002,0,0,450.39
7.98,,False,,50,463.0,,True,,13,432.3,False,0.9032,0.3396,"{'completed': True, 'decisions': 13, 'steps': 133, 'outer_total': 3055, 'slow_capped_steps': 0, 'unstable_steps': 0, 'final_factors': {'U': 0.9032, 'p': 0.3396}}",t_gov,,node062,,10,,gov_jev,13,,37,3055,,0,cav3T_Re1000_dt30__govJev_r0,0,133,133,cav3T_Re1000_dt30,,0.0033699312113332175,0,0,466.08
7.64,,False,,50,456.0,,True,,13,421.79,False,0.9032,0.3396,"{'completed': True, 'decisions': 13, 'steps': 133, 'outer_total': 3055, 'slow_capped_steps': 0, 'unstable_steps': 0, 'final_factors': {'U': 0.9032, 'p': 0.3396}}",t_gov,,node300,,10,,gov_jev,13,,37,3055,,0,cav3T_Re1000_dt30__govJev_r1,0,133,133,cav3T_Re1000_dt30,,0.0033699312113332175,0,0,461.59
7.74,,False,,50,448.0,,True,,13,412.8,False,0.9032,0.3396,"{'completed': True, 'decisions': 13, 'steps': 133, 'outer_total': 3055, 'slow_capped_steps': 0, 'unstable_steps': 0, 'final_factors': {'U': 0.9032, 'p': 0.3396}}",t_gov,,node300,,10,,gov_jev,13,,37,3055,,0,cav3T_Re1000_dt30__govJev_r2,0,133,133,cav3T_Re1000_dt30,,0.0033699312113332175,0,0,452.85
0,,False,,50,436.0,,True,,13,415.83,False,0.9416,0.4254,"{'completed': True, 'decisions': 13, 'steps': 133, 'outer_total': 2904, 'slow_capped_steps': 0, 'unstable_steps': 0, 'final_factors': {'U': 0.9416, 'p': 0.4254}}",t_gov,,node062,,10,,gov_rules,0,,37,2904,,0,cav3T_Re1000_dt30__govRules,0,133,133,cav3T_Re1000_dt30,,0.003953206752182845,0,0,438.69
0,0,False,[],50,894.0,4.399186015,True,0.0,0,884.67,False,0.7,0.3,,t_gov,0,node062,,0,17092,static,0,0,30,6953,,0,cav3T_Re2000_dt15__default,,267,267,cav3T_Re2000_dt15,0,3.177700181365036e-06,0,,895.68
15.39,,True,,50,468.0,,True,,26,463.24,False,0.9032,0.5613,"{'completed': True, 'decisions': 26, 'steps': 267, 'outer_total': 4113, 'slow_capped_steps': 0, 'unstable_steps': 0, 'final_factors': {'U': 0.9032, 'p': 0.5613}}",t_gov,,node300,,10,,gov_jev,26,,30,4113,,0,cav3T_Re2000_dt15__govJev_async_r0,0,267,267,cav3T_Re2000_dt15,,0.006678397331207149,0,0,469.85
15.65,,True,,50,551.0,,True,,26,536.31,False,0.9032,0.5613,"{'completed': True, 'decisions': 26, 'steps': 267, 'outer_total': 4111, 'slow_capped_steps': 0, 'unstable_steps': 0, 'final_factors': {'U': 0.9032, 'p': 0.5613}}",t_gov,,node300,,10,,gov_jev,26,,30,4111,,0,cav3T_Re2000_dt15__govJev_async_r1,0,267,267,cav3T_Re2000_dt15,,0.006707280162627531,0,0,556.47
15.84,,True,,50,556.0,,True,,26,549.15,False,0.9032,0.5613,"{'completed': True, 'decisions': 26, 'steps': 267, 'outer_total': 4116, 'slow_capped_steps': 0, 'unstable_steps': 0, 'final_factors': {'U': 0.9032, 'p': 0.5613}}",t_gov,,node300,,10,,gov_jev,26,,30,4116,,0,cav3T_Re2000_dt15__govJev_async_r2,0,267,267,cav3T_Re2000_dt15,,0.0066426162543709415,0,0,557.02
15.83,,False,,50,601.0,,True,,26,570.13,False,0.9032,0.5613,"{'completed': True, 'decisions': 26, 'steps': 267, 'outer_total': 4097, 'slow_capped_steps': 0, 'unstable_steps': 0, 'final_factors': {'U': 0.9032, 'p': 0.5613}}",t_gov,,node062,,10,,gov_jev,26,,30,4097,,0,cav3T_Re2000_dt15__govJev_r0,0,267,267,cav3T_Re2000_dt15,,0.006750168391416692,0,0,604.8
15.43,,False,,50,567.0,,True,,26,533.76,False,0.9032,0.5613,"{'completed': True, 'decisions': 26, 'steps': 267, 'outer_total': 4097, 'slow_capped_steps': 0, 'unstable_steps': 0, 'final_factors': {'U': 0.9032, 'p': 0.5613}}",t_gov,,node300,,10,,gov_jev,26,,30,4097,,0,cav3T_Re2000_dt15__govJev_r1,0,267,267,cav3T_Re2000_dt15,,0.006750168391416692,0,0,573.0
15.26,,False,,50,535.0,,True,,26,511.21,False,0.9032,0.5613,"{'completed': True, 'decisions': 26, 'steps': 267, 'outer_total': 4097, 'slow_capped_steps': 0, 'unstable_steps': 0, 'final_factors': {'U': 0.9032, 'p': 0.5613}}",t_gov,,node062,,10,,gov_jev,26,,30,4097,,0,cav3T_Re2000_dt15__govJev_r2,0,267,267,cav3T_Re2000_dt15,,0.006750168391416692,0,0,536.79
0,,False,,50,538.0,,True,,26,524.08,False,0.918,0.5613,"{'completed': True, 'decisions': 26, 'steps': 267, 'outer_total': 4028, 'slow_capped_steps': 0, 'unstable_steps': 0, 'final_factors': {'U': 0.918, 'p': 0.5613}}",t_gov,,node300,,10,,gov_rules,0,,30,4028,,0,cav3T_Re2000_dt15__govRules,0,267,267,cav3T_Re2000_dt15,,0.00714735832431884,0,0,544.09
0,0,False,[],50,464.0,10.44015912,True,0.0,0,458.91,False,0.7,0.3,,t_gov,0,node062,,0,11242,static,0,0,48,3857,,0,cav3T_Re400_dt30__default,,133,133,cav3T_Re400_dt30,0,2.425240511321821e-06,0,,465.67
7.86,,True,,50,439.0,,True,,13,433.87,False,0.9032,0.3,"{'completed': True, 'decisions': 13, 'steps': 133, 'outer_total': 3106, 'slow_capped_steps': 0, 'unstable_steps': 0, 'final_factors': {'U': 0.9032, 'p': 0.3}}",t_gov,,node300,,10,,gov_jev,13,,48,3106,,0,cav3T_Re400_dt30__govJev_async_r0,0,133,133,cav3T_Re400_dt30,,0.0014159181407605527,0,0,440.61
7.61,,True,,50,441.0,,True,,13,434.32,False,0.9032,0.3,"{'completed': True, 'decisions': 13, 'steps': 133, 'outer_total': 3106, 'slow_capped_steps': 0, 'unstable_steps': 0, 'final_factors': {'U': 0.9032, 'p': 0.3}}",t_gov,,node062,,10,,gov_jev,13,,48,3106,,0,cav3T_Re400_dt30__govJev_async_r1,0,133,133,cav3T_Re400_dt30,,0.0014159181407605527,0,0,442.58
7.75,,True,,50,447.0,,True,,13,439.59,False,0.9032,0.3,"{'completed': True, 'decisions': 13, 'steps': 133, 'outer_total': 3092, 'slow_capped_steps': 0, 'unstable_steps': 0, 'final_factors': {'U': 0.9032, 'p': 0.3}}",t_gov,,node062,,10,,gov_jev,13,,48,3092,,0,cav3T_Re400_dt30__govJev_async_r2,0,133,133,cav3T_Re400_dt30,,0.0014159181552393103,0,0,450.9
7.87,,False,,50,469.0,,True,,13,449.79,False,0.9032,0.3,"{'completed': True, 'decisions': 13, 'steps': 133, 'outer_total': 3075, 'slow_capped_steps': 0, 'unstable_steps': 0, 'final_factors': {'U': 0.9032, 'p': 0.3}}",t_gov,,node062,,10,,gov_jev,13,,48,3075,,0,cav3T_Re400_dt30__govJev_r0,0,133,133,cav3T_Re400_dt30,,0.0014159181550732487,0,0,470.82
7.52,,False,,50,457.0,,True,,13,439.2,False,0.9032,0.3,"{'completed': True, 'decisions': 13, 'steps': 133, 'outer_total': 3075, 'slow_capped_steps': 0, 'unstable_steps': 0, 'final_factors': {'U': 0.9032, 'p': 0.3}}",t_gov,,node300,,10,,gov_jev,13,,48,3075,,0,cav3T_Re400_dt30__govJev_r1,0,133,133,cav3T_Re400_dt30,,0.0014159181550732487,0,0,462.55
7.89,,False,,50,479.0,,True,,13,454.77,False,0.9032,0.3,"{'completed': True, 'decisions': 13, 'steps': 133, 'outer_total': 3075, 'slow_capped_steps': 0, 'unstable_steps': 0, 'final_factors': {'U': 0.9032, 'p': 0.3}}",t_gov,,node062,,10,,gov_jev,13,,48,3075,,0,cav3T_Re400_dt30__govJev_r2,0,133,133,cav3T_Re400_dt30,,0.0014159181550732487,0,0,480.31
0,,False,,50,382.0,,True,,13,377.48,False,0.9307,0.3396,"{'completed': True, 'decisions': 13, 'steps': 133, 'outer_total': 2926, 'slow_capped_steps': 0, 'unstable_steps': 0, 'final_factors': {'U': 0.9307, 'p': 0.3396}}",t_gov,,node300,,10,,gov_rules,0,,48,2926,,0,cav3T_Re400_dt30__govRules,0,133,133,cav3T_Re400_dt30,,0.0015911824685355866,0,0,383.61
0,0,False,[],50,248.0,6.034637594,True,0.0,0,243.75,False,0.7,0.3,,t_gov,0,node300,,0,41359,static,0,0,29,9396,,0,cavT_Re1000_dt05__default,,400,400,cavT_Re1000_dt05,0,1.7733750802733154e-05,0,,252.83
12.51,,True,,50,183.0,,True,,40,179.08,False,0.8649,0.516,"{'completed': True, 'decisions': 40, 'steps': 400, 'outer_total': 6506, 'slow_capped_steps': 0, 'unstable_steps': 0, 'final_factors': {'U': 0.8649, 'p': 0.516}}",t_gov,,node062,,10,,gov_jev,40,,29,6506,,0,cavT_Re1000_dt05__govJev_async_r0,0,400,400,cavT_Re1000_dt05,,0.00024040801334145273,0,0,184.0
11.64,,True,,50,181.0,,True,,40,175.96,False,0.9307,0.4254,"{'completed': True, 'decisions': 40, 'steps': 400, 'outer_total': 6200, 'slow_capped_steps': 0, 'unstable_steps': 0, 'final_factors': {'U': 0.9307, 'p': 0.4254}}",t_gov,,node062,,10,,gov_jev,40,,29,6200,,0,cavT_Re1000_dt05__govJev_async_r1,0,400,400,cavT_Re1000_dt05,,0.0003300854016702993,0,0,181.82
10.53,,True,,50,175.0,,True,,40,170.89,False,0.9307,0.4254,"{'completed': True, 'decisions': 40, 'steps': 400, 'outer_total': 6358, 'slow_capped_steps': 0, 'unstable_steps': 0, 'final_factors': {'U': 0.9307, 'p': 0.4254}}",t_gov,,node300,,10,,gov_jev,39,,29,6358,,0,cavT_Re1000_dt05__govJev_async_r2,0,400,400,cavT_Re1000_dt05,,0.000328852481082176,0,0,180.61
12.46,,False,,50,194.0,,True,,40,167.26,False,0.9307,0.4254,"{'completed': True, 'decisions': 40, 'steps': 400, 'outer_total': 6181, 'slow_capped_steps': 0, 'unstable_steps': 0, 'final_factors': {'U': 0.9307, 'p': 0.4254}}",t_gov,,node300,,10,,gov_jev,40,,29,6181,,0,cavT_Re1000_dt05__govJev_r0,0,400,400,cavT_Re1000_dt05,,0.0003308722635095022,0,0,199.58
13.36,,False,,50,198.0,,True,,40,175.66,False,0.9307,0.4254,"{'completed': True, 'decisions': 40, 'steps': 400, 'outer_total': 6181, 'slow_capped_steps': 0, 'unstable_steps': 0, 'final_factors': {'U': 0.9307, 'p': 0.4254}}",t_gov,,node062,,10,,gov_jev,40,,29,6181,,0,cavT_Re1000_dt05__govJev_r1,0,400,400,cavT_Re1000_dt05,,0.0003308722635095022,0,0,200.48
12.3,,False,,50,189.0,,True,,40,170.1,False,0.9307,0.4254,"{'completed': True, 'decisions': 40, 'steps': 400, 'outer_total': 6181, 'slow_capped_steps': 0, 'unstable_steps': 0, 'final_factors': {'U': 0.9307, 'p': 0.4254}}",t_gov,,node300,,10,,gov_jev,40,,29,6181,,0,cavT_Re1000_dt05__govJev_r2,0,400,400,cavT_Re1000_dt05,,0.0003308722635095022,0,0,190.27
0,,False,,50,176.0,,True,,40,172.75,False,0.9307,0.4254,"{'completed': True, 'decisions': 40, 'steps': 400, 'outer_total': 6181, 'slow_capped_steps': 0, 'unstable_steps': 0, 'final_factors': {'U': 0.9307, 'p': 0.4254}}",t_gov,,node062,,10,,gov_rules,0,,29,6181,,0,cavT_Re1000_dt05__govRules,0,400,400,cavT_Re1000_dt05,,0.0003308722635095022,0,0,177.78
0,0,False,[],50,166.0,12.06821867,True,0.0,0,161.44,False,0.7,0.3,,t_gov,0,node062,,0,27153,static,0,0,39,5654,,0,cavT_Re1000_dt10__default,,200,200,cavT_Re1000_dt10,0,0.0002580511094137121,0,,167.12
11.52,,True,,50,147.0,,True,,20,141.19,False,0.9032,0.3,"{'completed': True, 'decisions': 20, 'steps': 200, 'outer_total': 4846, 'slow_capped_steps': 0, 'unstable_steps': 0, 'final_factors': {'U': 0.9032, 'p': 0.3}}",t_gov,,node300,,10,,gov_jev,20,,39,4846,,0,cavT_Re1000_dt10__govJev_async_r0,0,200,200,cavT_Re1000_dt10,,0.0002974576095378067,0,0,152.31
12.14,,True,,50,157.0,,True,,20,153.9,False,0.9032,0.3,"{'completed': True, 'decisions': 20, 'steps': 200, 'outer_total': 4788, 'slow_capped_steps': 0, 'unstable_steps': 0, 'final_factors': {'U': 0.9032, 'p': 0.3}}",t_gov,,node062,,10,,gov_jev,20,,39,4788,,0,cavT_Re1000_dt10__govJev_async_r1,0,200,200,cavT_Re1000_dt10,,0.00029782933834546644,0,0,158.94
11.46,,True,,50,140.0,,True,,20,135.05,False,0.9032,0.3,"{'completed': True, 'decisions': 20, 'steps': 200, 'outer_total': 4846, 'slow_capped_steps': 0, 'unstable_steps': 0, 'final_factors': {'U': 0.9032, 'p': 0.3}}",t_gov,,node300,,10,,gov_jev,20,,39,4846,,0,cavT_Re1000_dt10__govJev_async_r2,0,200,200,cavT_Re1000_dt10,,0.000297458883674469,0,0,146.08
11.79,,False,,50,152.0,,True,,20,133.91,False,0.9032,0.3,"{'completed': True, 'decisions': 20, 'steps': 200, 'outer_total': 4754, 'slow_capped_steps': 0, 'unstable_steps': 0, 'final_factors': {'U': 0.9032, 'p': 0.3}}",t_gov,,node300,,10,,gov_jev,20,,39,4754,,0,cavT_Re1000_dt10__govJev_r0,0,200,200,cavT_Re1000_dt10,,0.00029812438906015224,0,0,153.42
12.33,,False,,50,153.0,,True,,20,133.68,False,0.9032,0.3,"{'completed': True, 'decisions': 20, 'steps': 200, 'outer_total': 4754, 'slow_capped_steps': 0, 'unstable_steps': 0, 'final_factors': {'U': 0.9032, 'p': 0.3}}",t_gov,,node300,,10,,gov_jev,20,,39,4754,,0,cavT_Re1000_dt10__govJev_r1,0,200,200,cavT_Re1000_dt10,,0.00029812438906015224,0,0,155.27
11.59,,False,,50,151.0,,True,,20,126.97,False,0.9032,0.3,"{'completed': True, 'decisions': 20, 'steps': 200, 'outer_total': 4754, 'slow_capped_steps': 0, 'unstable_steps': 0, 'final_factors': {'U': 0.9032, 'p': 0.3}}",t_gov,,node300,,10,,gov_jev,20,,39,4754,,0,cavT_Re1000_dt10__govJev_r2,0,200,200,cavT_Re1000_dt10,,0.00029812438906015224,0,0,156.85
0,,False,,50,151.0,,True,,20,146.76,False,0.918,0.3,"{'completed': True, 'decisions': 20, 'steps': 200, 'outer_total': 4819, 'slow_capped_steps': 0, 'unstable_steps': 0, 'final_factors': {'U': 0.918, 'p': 0.3}}",t_gov,,node062,,10,,gov_rules,0,,39,4819,,0,cavT_Re1000_dt10__govRules,0,200,200,cavT_Re1000_dt10,,0.00031791205578508315,0,0,155.43
0,0,False,[],50,296.0,5.825110009,True,0.0,0,289.35,False,0.7,0.3,,t_gov,0,node062,,0,43650,static,0,0,29,10083,,0,cavT_Re2500_dt05__default,,400,400,cavT_Re2500_dt05,0,5.724009371212546e-06,0,,296.66
10.74,,True,,50,153.0,,True,,40,151.22,False,0.9032,0.516,"{'completed': True, 'decisions': 40, 'steps': 400, 'outer_total': 6300, 'slow_capped_steps': 0, 'unstable_steps': 0, 'final_factors': {'U': 0.9032, 'p': 0.516}}",t_gov,,node300,,10,,gov_jev,40,,29,6300,,0,cavT_Re2500_dt05__govJev_async_r0,0,400,400,cavT_Re2500_dt05,,0.0007210726356528732,0,0,154.73
11.71,,True,,50,185.0,,True,,40,181.61,False,0.9032,0.516,"{'completed': True, 'decisions': 40, 'steps': 400, 'outer_total': 6310, 'slow_capped_steps': 0, 'unstable_steps': 0, 'final_factors': {'U': 0.9032, 'p': 0.516}}",t_gov,,node062,,10,,gov_jev,39,,29,6310,,0,cavT_Re2500_dt05__govJev_async_r1,0,400,400,cavT_Re2500_dt05,,0.0006918834668630519,0,0,186.52
11.76,,True,,50,180.0,,True,,40,177.03,False,0.8206,0.5613,"{'completed': True, 'decisions': 40, 'steps': 400, 'outer_total': 6392, 'slow_capped_steps': 0, 'unstable_steps': 0, 'final_factors': {'U': 0.8206, 'p': 0.5613}}",t_gov,,node300,,10,,gov_jev,40,,29,6392,,0,cavT_Re2500_dt05__govJev_async_r2,0,400,400,cavT_Re2500_dt05,,0.00039995543483852084,0,0,181.25
12.28,,False,,50,180.0,,True,,40,159.18,False,0.9032,0.516,"{'completed': True, 'decisions': 40, 'steps': 400, 'outer_total': 6275, 'slow_capped_steps': 0, 'unstable_steps': 0, 'final_factors': {'U': 0.9032, 'p': 0.516}}",t_gov,,node300,,10,,gov_jev,40,,29,6275,,0,cavT_Re2500_dt05__govJev_r0,0,400,400,cavT_Re2500_dt05,,0.0007223730441558272,0,0,182.54
12.2,,False,,50,178.0,,True,,40,159.3,False,0.9032,0.516,"{'completed': True, 'decisions': 40, 'steps': 400, 'outer_total': 6275, 'slow_capped_steps': 0, 'unstable_steps': 0, 'final_factors': {'U': 0.9032, 'p': 0.516}}",t_gov,,node300,,10,,gov_jev,40,,29,6275,,0,cavT_Re2500_dt05__govJev_r1,0,400,400,cavT_Re2500_dt05,,0.0007223730441558272,0,0,180.51
11.88,,False,,50,188.0,,True,,40,170.82,False,0.9032,0.516,"{'completed': True, 'decisions': 40, 'steps': 400, 'outer_total': 6275, 'slow_capped_steps': 0, 'unstable_steps': 0, 'final_factors': {'U': 0.9032, 'p': 0.516}}",t_gov,,node300,,10,,gov_jev,40,,29,6275,,0,cavT_Re2500_dt05__govJev_r2,0,400,400,cavT_Re2500_dt05,,0.0007223730441558272,0,0,190.07
0,,False,,50,169.0,,True,,40,165.42,False,0.95,0.4254,"{'completed': True, 'decisions': 40, 'steps': 400, 'outer_total': 6171, 'slow_capped_steps': 0, 'unstable_steps': 0, 'final_factors': {'U': 0.95, 'p': 0.4254}}",t_gov,,node300,,10,,gov_rules,0,,29,6171,,0,cavT_Re2500_dt05__govRules,0,400,400,cavT_Re2500_dt05,,0.0008509617620415223,0,0,169.7
0,0,False,[],50,198.0,12.33307979,True,0.0,0,194.16,False,0.7,0.3,,t_gov,0,node062,,0,31724,static,0,0,50,6727,,0,cavT_Re400_dt10__default,,200,200,cavT_Re400_dt10,0,0.00044544416176350377,25,,199.16
12.02,,True,,50,146.0,,True,,20,136.04,False,0.9032,0.3396,"{'completed': True, 'decisions': 20, 'steps': 200, 'outer_total': 4488, 'slow_capped_steps': 13, 'unstable_steps': 0, 'final_factors': {'U': 0.9032, 'p': 0.3396}}",t_gov,,node062,,10,,gov_jev,20,,50,4488,,0,cavT_Re400_dt10__govJev_async_r0,13,200,200,cavT_Re400_dt10,,0.00015858013206053253,13,0,148.17
10.03,,True,,50,133.0,,True,,20,130.02,False,0.9032,0.3396,"{'completed': True, 'decisions': 20, 'steps': 200, 'outer_total': 4493, 'slow_capped_steps': 13, 'unstable_steps': 0, 'final_factors': {'U': 0.9032, 'p': 0.3396}}",t_gov,,node062,,10,,gov_jev,20,,50,4493,,0,cavT_Re400_dt10__govJev_async_r1,13,200,200,cavT_Re400_dt10,,0.0001585794529437221,13,0,134.8
12.0,,True,,50,144.0,,True,,20,134.27,False,0.9032,0.3396,"{'completed': True, 'decisions': 20, 'steps': 200, 'outer_total': 4491, 'slow_capped_steps': 13, 'unstable_steps': 0, 'final_factors': {'U': 0.9032, 'p': 0.3396}}",t_gov,,node062,,10,,gov_jev,20,,50,4491,,0,cavT_Re400_dt10__govJev_async_r2,13,200,200,cavT_Re400_dt10,,0.00015857946010618368,13,0,146.45
12.08,,False,,50,163.0,,True,,20,143.75,False,0.9032,0.3396,"{'completed': True, 'decisions': 20, 'steps': 200, 'outer_total': 4443, 'slow_capped_steps': 10, 'unstable_steps': 0, 'final_factors': {'U': 0.9032, 'p': 0.3396}}",t_gov,,node062,,10,,gov_jev,20,,50,4443,,0,cavT_Re400_dt10__govJev_r0,10,200,200,cavT_Re400_dt10,,0.00015856841150267928,10,0,165.11
12.03,,False,,50,163.0,,True,,20,140.78,False,0.9032,0.3396,"{'completed': True, 'decisions': 20, 'steps': 200, 'outer_total': 4443, 'slow_capped_steps': 10, 'unstable_steps': 0, 'final_factors': {'U': 0.9032, 'p': 0.3396}}",t_gov,,node062,,10,,gov_jev,20,,50,4443,,0,cavT_Re400_dt10__govJev_r1,10,200,200,cavT_Re400_dt10,,0.00015856841150267928,10,0,165.51
12.13,,False,,50,154.0,,True,,20,133.55,False,0.9032,0.3396,"{'completed': True, 'decisions': 20, 'steps': 200, 'outer_total': 4443, 'slow_capped_steps': 10, 'unstable_steps': 0, 'final_factors': {'U': 0.9032, 'p': 0.3396}}",t_gov,,node062,,10,,gov_jev,20,,50,4443,,0,cavT_Re400_dt10__govJev_r2,10,200,200,cavT_Re400_dt10,,0.00015856841150267928,10,0,156.39
0,,False,,50,137.0,,True,,20,131.03,False,0.9032,0.3396,"{'completed': True, 'decisions': 20, 'steps': 200, 'outer_total': 4443, 'slow_capped_steps': 10, 'unstable_steps': 0, 'final_factors': {'U': 0.9032, 'p': 0.3396}}",t_gov,,node062,,10,,gov_rules,0,,50,4443,,0,cavT_Re400_dt10__govRules,10,200,200,cavT_Re400_dt10,,0.00015856841150267928,10,0,138.94
0,0,False,[],50,542.0,3.207752421284042,True,0.0,0,531.89,False,0.7,0.3,,t_gov,0,node062,,0,38278,static,0,0,30,12062,,0,cylT_Re100_dt05__default,,600,600,cylT_Re100_dt05,0,9.77197684179314e-07,0,,543.31
18.14,,True,,50,267.0,,True,,60,256.48,False,0.8235,0.6886,"{'completed': True, 'decisions': 60, 'steps': 600, 'outer_total': 5804, 'slow_capped_steps': 0, 'unstable_steps': 0, 'final_factors': {'U': 0.8235, 'p': 0.6886}}",t_gov,,node300,,10,,gov_jev,60,,30,5804,,0,cylT_Re100_dt05__govJev_async_r0,0,600,600,cylT_Re100_dt05,,0.0003451763937136446,0,0,271.39
17.61,,True,,50,258.0,,True,,60,247.41,False,0.8235,0.6886,"{'completed': True, 'decisions': 60, 'steps': 600, 'outer_total': 5805, 'slow_capped_steps': 0, 'unstable_steps': 0, 'final_factors': {'U': 0.8235, 'p': 0.6886}}",t_gov,,node300,,10,,gov_jev,60,,30,5805,,0,cylT_Re100_dt05__govJev_async_r1,0,600,600,cylT_Re100_dt05,,0.0003318800084483588,0,0,262.13
17.97,,True,,50,277.0,,True,,60,271.5,False,0.8235,0.6886,"{'completed': True, 'decisions': 60, 'steps': 600, 'outer_total': 5805, 'slow_capped_steps': 0, 'unstable_steps': 0, 'final_factors': {'U': 0.8235, 'p': 0.6886}}",t_gov,,node062,,10,,gov_jev,60,,30,5805,,0,cylT_Re100_dt05__govJev_async_r2,0,600,600,cylT_Re100_dt05,,0.00033187586097588345,0,0,278.21
18.23,,False,,50,278.0,,True,,60,249.91,False,0.8235,0.6886,"{'completed': True, 'decisions': 60, 'steps': 600, 'outer_total': 5784, 'slow_capped_steps': 0, 'unstable_steps': 0, 'final_factors': {'U': 0.8235, 'p': 0.6886}}",t_gov,,node300,,10,,gov_jev,60,,30,5784,,0,cylT_Re100_dt05__govJev_r0,0,600,600,cylT_Re100_dt05,,0.00040814133604820315,0,0,278.78
18.86,,False,,50,284.0,,True,,60,253.04,False,0.8235,0.6886,"{'completed': True, 'decisions': 60, 'steps': 600, 'outer_total': 5784, 'slow_capped_steps': 0, 'unstable_steps': 0, 'final_factors': {'U': 0.8235, 'p': 0.6886}}",t_gov,,node300,,10,,gov_jev,60,,30,5784,,0,cylT_Re100_dt05__govJev_r1,0,600,600,cylT_Re100_dt05,,0.00040814348720338156,0,0,285.8
19.22,,False,,50,292.0,,True,,60,263.28,False,0.8235,0.6886,"{'completed': True, 'decisions': 60, 'steps': 600, 'outer_total': 5784, 'slow_capped_steps': 0, 'unstable_steps': 0, 'final_factors': {'U': 0.8235, 'p': 0.6886}}",t_gov,,node300,,10,,gov_jev,60,,30,5784,,0,cylT_Re100_dt05__govJev_r2,0,600,600,cylT_Re100_dt05,,0.0004081425438834565,0,0,293.08
0,,False,,50,256.0,,True,,60,251.01,False,0.8235,0.6886,"{'completed': True, 'decisions': 60, 'steps': 600, 'outer_total': 5784, 'slow_capped_steps': 0, 'unstable_steps': 0, 'final_factors': {'U': 0.8235, 'p': 0.6886}}",t_gov,,node300,,10,,gov_rules,0,,30,5784,,0,cylT_Re100_dt05__govRules,0,600,600,cylT_Re100_dt05,,0.0004081425438834565,0,0,256.79
0,0,False,[],50,294.0,6.077323819453041,True,0.0,0,289.75,False,0.7,0.3,,t_gov,0,node300,,0,25323,static,0,0,38,6331,,0,cylT_Re100_dt10__default,,300,300,cylT_Re100_dt10,0,1.7601741243184196e-06,0,,295.58
11.48,,True,,50,201.0,,True,,30,196.85,False,0.9416,0.516,"{'completed': True, 'decisions': 30, 'steps': 300, 'outer_total': 3913, 'slow_capped_steps': 0, 'unstable_steps': 0, 'final_factors': {'U': 0.9416, 'p': 0.516}}",t_gov,,node300,,10,,gov_jev,29,,38,3913,,0,cylT_Re100_dt10__govJev_async_r0,0,300,300,cylT_Re100_dt10,,6.097353446043164e-05,0,0,202.11
12.75,,True,,50,206.0,,True,,30,201.93,False,0.95,0.5613,"{'completed': True, 'decisions': 30, 'steps': 300, 'outer_total': 3822, 'slow_capped_steps': 0, 'unstable_steps': 0, 'final_factors': {'U': 0.95, 'p': 0.5613}}",t_gov,,node062,,10,,gov_jev,30,,38,3822,,0,cylT_Re100_dt10__govJev_async_r1,0,300,300,cylT_Re100_dt10,,6.727629468199934e-05,0,0,208.13
11.47,,True,,50,189.0,,True,,30,184.85,False,0.95,0.5613,"{'completed': True, 'decisions': 30, 'steps': 300, 'outer_total': 3824, 'slow_capped_steps': 0, 'unstable_steps': 0, 'final_factors': {'U': 0.95, 'p': 0.5613}}",t_gov,,node062,,10,,gov_jev,30,,38,3824,,0,cylT_Re100_dt10__govJev_async_r2,0,300,300,cylT_Re100_dt10,,6.485634428540028e-05,0,0,190.45
12.82,,False,,50,209.0,,True,,30,189.95,False,0.95,0.5613,"{'completed': True, 'decisions': 30, 'steps': 300, 'outer_total': 3809, 'slow_capped_steps': 0, 'unstable_steps': 0, 'final_factors': {'U': 0.95, 'p': 0.5613}}",t_gov,,node300,,10,,gov_jev,30,,38,3809,,0,cylT_Re100_dt10__govJev_r0,0,300,300,cylT_Re100_dt10,,7.326928931877035e-05,0,0,211.03
13.22,,False,,50,217.0,,True,,30,196.46,False,0.95,0.5613,"{'completed': True, 'decisions': 30, 'steps': 300, 'outer_total': 3809, 'slow_capped_steps': 0, 'unstable_steps': 0, 'final_factors': {'U': 0.95, 'p': 0.5613}}",t_gov,,node062,,10,,gov_jev,30,,38,3809,,0,cylT_Re100_dt10__govJev_r1,0,300,300,cylT_Re100_dt10,,7.326928931877035e-05,0,0,218.82
14.19,,False,,50,223.0,,True,,30,196.65,False,0.95,0.5613,"{'completed': True, 'decisions': 30, 'steps': 300, 'outer_total': 3809, 'slow_capped_steps': 0, 'unstable_steps': 0, 'final_factors': {'U': 0.95, 'p': 0.5613}}",t_gov,,node062,,10,,gov_jev,30,,38,3809,,0,cylT_Re100_dt10__govJev_r2,0,300,300,cylT_Re100_dt10,,7.326928931877035e-05,0,0,224.39
0,,False,,50,189.0,,True,,30,185.9,False,0.95,0.5613,"{'completed': True, 'decisions': 30, 'steps': 300, 'outer_total': 3700, 'slow_capped_steps': 0, 'unstable_steps': 0, 'final_factors': {'U': 0.95, 'p': 0.5613}}",t_gov,,node300,,10,,gov_rules,0,,38,3700,,0,cylT_Re100_dt10__govRules,0,300,300,cylT_Re100_dt10,,7.399627193358725e-05,0,0,189.78
0,0,False,[],50,549.0,4.833006525483404,True,0.0,0,542.19,False,0.7,0.3,,t_gov,0,node062,,0,44927,static,0,0,36,12032,,0,cylT_Re150_dt05__default,,600,600,cylT_Re150_dt05,0,0.0003177535192911796,0,,550.23
20.34,,True,,50,327.0,,True,,60,315.1,False,0.8868,0.6056,"{'completed': True, 'decisions': 60, 'steps': 600, 'outer_total': 6351, 'slow_capped_steps': 0, 'unstable_steps': 0, 'final_factors': {'U': 0.8868, 'p': 0.6056}}",t_gov,,node062,,10,,gov_jev,60,,36,6351,,0,cylT_Re150_dt05__govJev_async_r0,0,600,600,cylT_Re150_dt05,,0.00835026388103164,0,0,329.7
18.89,,True,,50,309.0,,True,,60,302.6,False,0.8868,0.6056,"{'completed': True, 'decisions': 60, 'steps': 600, 'outer_total': 6355, 'slow_capped_steps': 0, 'unstable_steps': 0, 'final_factors': {'U': 0.8868, 'p': 0.6056}}",t_gov,,node300,,10,,gov_jev,60,,36,6355,,0,cylT_Re150_dt05__govJev_async_r1,0,600,600,cylT_Re150_dt05,,0.006454515206706653,0,0,309.99
19.34,,True,,50,320.0,,True,,60,313.91,False,0.8868,0.6482,"{'completed': True, 'decisions': 60, 'steps': 600, 'outer_total': 6295, 'slow_capped_steps': 0, 'unstable_steps': 0, 'final_factors': {'U': 0.8868, 'p': 0.6482}}",t_gov,,node062,,10,,gov_jev,60,,36,6295,,0,cylT_Re150_dt05__govJev_async_r2,0,600,600,cylT_Re150_dt05,,0.00835272048841349,0,0,321.68
24.87,,False,,50,367.0,,True,,60,323.53,False,0.8868,0.6056,"{'completed': True, 'decisions': 60, 'steps': 600, 'outer_total': 6330, 'slow_capped_steps': 0, 'unstable_steps': 0, 'final_factors': {'U': 0.8868, 'p': 0.6056}}",t_gov,,node062,,10,,gov_jev,60,,36,6330,,0,cylT_Re150_dt05__govJev_r0,0,600,600,cylT_Re150_dt05,,0.013950911960069267,0,0,370.78
22.5,,False,,50,356.0,,True,,60,321.12,False,0.8868,0.6056,"{'completed': True, 'decisions': 60, 'steps': 600, 'outer_total': 6330, 'slow_capped_steps': 0, 'unstable_steps': 0, 'final_factors': {'U': 0.8868, 'p': 0.6056}}",t_gov,,node062,,10,,gov_jev,60,,36,6330,,0,cylT_Re150_dt05__govJev_r1,0,600,600,cylT_Re150_dt05,,0.013950955301906242,0,0,357.84
27.47,,False,,50,386.0,,True,,60,347.38,False,0.8868,0.6056,"{'completed': True, 'decisions': 60, 'steps': 600, 'outer_total': 6330, 'slow_capped_steps': 0, 'unstable_steps': 0, 'final_factors': {'U': 0.8868, 'p': 0.6056}}",t_gov,,node062,,10,,gov_jev,60,,36,6330,,0,cylT_Re150_dt05__govJev_r2,0,600,600,cylT_Re150_dt05,,0.013950911960069267,0,0,387.76
0,,False,,50,327.0,,True,,60,314.66,False,0.8868,0.6056,"{'completed': True, 'decisions': 60, 'steps': 600, 'outer_total': 6330, 'slow_capped_steps': 0, 'unstable_steps': 0, 'final_factors': {'U': 0.8868, 'p': 0.6056}}",t_gov,,node062,,10,,gov_rules,0,,36,6330,,0,cylT_Re150_dt05__govRules,0,600,600,cylT_Re150_dt05,,0.013950955301906242,0,0,329.49
0,0,False,[],50,300.0,3.619636228681071,True,0.0,0,293.29,False,0.7,0.3,,t_gov,0,node062,,0,21395,static,0,0,30,6169,,0,cylT_Re60_dt10__default,,300,300,cylT_Re60_dt10,0,9.191708643269813e-08,0,,302.15
10.14,,True,,50,154.0,,True,,30,151.17,False,0.9032,0.6056,"{'completed': True, 'decisions': 30, 'steps': 300, 'outer_total': 3504, 'slow_capped_steps': 0, 'unstable_steps': 0, 'final_factors': {'U': 0.9032, 'p': 0.6056}}",t_gov,,node300,,10,,gov_jev,30,,30,3504,,0,cylT_Re60_dt10__govJev_async_r0,0,300,300,cylT_Re60_dt10,,2.9048723840282825e-05,0,0,155.18
10.69,,True,,50,176.0,,True,,30,163.5,False,0.9032,0.6056,"{'completed': True, 'decisions': 30, 'steps': 300, 'outer_total': 3502, 'slow_capped_steps': 0, 'unstable_steps': 0, 'final_factors': {'U': 0.9032, 'p': 0.6056}}",t_gov,,node062,,10,,gov_jev,30,,30,3502,,0,cylT_Re60_dt10__govJev_async_r1,0,300,300,cylT_Re60_dt10,,2.9046755848760045e-05,0,0,178.04
10.43,,True,,50,167.0,,True,,30,163.12,False,0.9032,0.6056,"{'completed': True, 'decisions': 30, 'steps': 300, 'outer_total': 3502, 'slow_capped_steps': 0, 'unstable_steps': 0, 'final_factors': {'U': 0.9032, 'p': 0.6056}}",t_gov,,node062,,10,,gov_jev,30,,30,3502,,0,cylT_Re60_dt10__govJev_async_r2,0,300,300,cylT_Re60_dt10,,2.90467399575684e-05,0,0,168.8
10.82,,False,,50,183.0,,True,,30,163.09,False,0.9032,0.6056,"{'completed': True, 'decisions': 30, 'steps': 300, 'outer_total': 3485, 'slow_capped_steps': 0, 'unstable_steps': 0, 'final_factors': {'U': 0.9032, 'p': 0.6056}}",t_gov,,node062,,10,,gov_jev,30,,30,3485,,0,cylT_Re60_dt10__govJev_r0,0,300,300,cylT_Re60_dt10,,2.9054794300376394e-05,0,0,185.56
10.68,,False,,50,180.0,,True,,30,158.38,False,0.9032,0.6056,"{'completed': True, 'decisions': 30, 'steps': 300, 'outer_total': 3485, 'slow_capped_steps': 0, 'unstable_steps': 0, 'final_factors': {'U': 0.9032, 'p': 0.6056}}",t_gov,,node300,,10,,gov_jev,30,,30,3485,,0,cylT_Re60_dt10__govJev_r1,0,300,300,cylT_Re60_dt10,,2.9054794300376394e-05,0,0,182.07
10.93,,False,,50,170.0,,True,,30,151.96,False,0.9032,0.6056,"{'completed': True, 'decisions': 30, 'steps': 300, 'outer_total': 3485, 'slow_capped_steps': 0, 'unstable_steps': 0, 'final_factors': {'U': 0.9032, 'p': 0.6056}}",t_gov,,node300,,10,,gov_jev,30,,30,3485,,0,cylT_Re60_dt10__govJev_r2,0,300,300,cylT_Re60_dt10,,2.9054794300376394e-05,0,0,170.88
0,,False,,50,179.0,,True,,30,164.49,False,0.9032,0.6056,"{'completed': True, 'decisions': 30, 'steps': 300, 'outer_total': 3485, 'slow_capped_steps': 0, 'unstable_steps': 0, 'final_factors': {'U': 0.9032, 'p': 0.6056}}",t_gov,,node062,,10,,gov_rules,0,,30,3485,,0,cylT_Re60_dt10__govRules,0,300,300,cylT_Re60_dt10,,2.9054794300376394e-05,0,0,180.4
0,0,False,[],50,559.0,7.13561,True,0.0,0,550.75,False,0.7,0.3,,t_gov,0,node062,,0,250767,static,0,0,35,22249,,0,pitzT_U10_dt1__default,,1000,1000,pitzT_U10_dt1,0,6.078341373317772e-07,0,,560.42
27.32,,True,,50,276.0,,True,,100,268.36,False,0.9032,0.6056,"{'completed': True, 'decisions': 100, 'steps': 1000, 'outer_total': 9812, 'slow_capped_steps': 0, 'unstable_steps': 0, 'final_factors': {'U': 0.9032, 'p': 0.6056}}",t_gov,,node062,,10,,gov_jev,100,,35,9812,,0,pitzT_U10_dt1__govJev_async_r0,0,1000,1000,pitzT_U10_dt1,,0.00015849759805590836,0,0,278.42
26.46,,True,,50,252.0,,True,,100,248.31,False,0.9032,0.6056,"{'completed': True, 'decisions': 100, 'steps': 1000, 'outer_total': 9811, 'slow_capped_steps': 0, 'unstable_steps': 0, 'final_factors': {'U': 0.9032, 'p': 0.6056}}",t_gov,,node300,,10,,gov_jev,100,,35,9811,,0,pitzT_U10_dt1__govJev_async_r1,0,1000,1000,pitzT_U10_dt1,,0.00015849263968621008,0,0,253.22
26.76,,True,,50,255.0,,True,,100,252.13,False,0.9032,0.6056,"{'completed': True, 'decisions': 100, 'steps': 1000, 'outer_total': 9803, 'slow_capped_steps': 0, 'unstable_steps': 0, 'final_factors': {'U': 0.9032, 'p': 0.6056}}",t_gov,,node300,,10,,gov_jev,100,,35,9803,,0,pitzT_U10_dt1__govJev_async_r2,0,1000,1000,pitzT_U10_dt1,,0.00015847495172649454,0,0,257.15
25.57,,False,,50,289.0,,True,,100,253.16,False,0.9032,0.6056,"{'completed': True, 'decisions': 100, 'steps': 1000, 'outer_total': 9781, 'slow_capped_steps': 0, 'unstable_steps': 0, 'final_factors': {'U': 0.9032, 'p': 0.6056}}",t_gov,,node062,,10,,gov_jev,100,,35,9781,,0,pitzT_U10_dt1__govJev_r0,0,1000,1000,pitzT_U10_dt1,,0.00015842876352100237,0,0,291.27
27.49,,False,,50,287.0,,True,,100,251.81,False,0.9032,0.6056,"{'completed': True, 'decisions': 100, 'steps': 1000, 'outer_total': 9781, 'slow_capped_steps': 0, 'unstable_steps': 0, 'final_factors': {'U': 0.9032, 'p': 0.6056}}",t_gov,,node300,,10,,gov_jev,100,,35,9781,,0,pitzT_U10_dt1__govJev_r1,0,1000,1000,pitzT_U10_dt1,,0.00015842876352100237,0,0,289.25
27.54,,False,,50,288.0,,True,,100,249.03,False,0.9032,0.6056,"{'completed': True, 'decisions': 100, 'steps': 1000, 'outer_total': 9781, 'slow_capped_steps': 0, 'unstable_steps': 0, 'final_factors': {'U': 0.9032, 'p': 0.6056}}",t_gov,,node300,,10,,gov_jev,100,,35,9781,,0,pitzT_U10_dt1__govJev_r2,0,1000,1000,pitzT_U10_dt1,,0.00015842876352100237,0,0,289.03
0,,False,,50,260.0,,True,,100,255.65,False,0.9032,0.6056,"{'completed': True, 'decisions': 100, 'steps': 1000, 'outer_total': 9781, 'slow_capped_steps': 0, 'unstable_steps': 0, 'final_factors': {'U': 0.9032, 'p': 0.6056}}",t_gov,,node300,,10,,gov_rules,0,,35,9781,,0,pitzT_U10_dt1__govRules,0,1000,1000,pitzT_U10_dt1,,0.00015842876352100237,0,0,261.87
0,0,False,[],50,317.0,12.5111,True,0.0,0,312.56,False,0.7,0.3,,t_gov,0,node062,,0,134133,static,0,0,45,11587,,0,pitzT_U10_dt2__default,,500,500,pitzT_U10_dt2,0,2.523518607953337e-06,0,,318.68
12.86,,True,,50,166.0,,True,,50,163.26,False,0.918,0.5613,"{'completed': True, 'decisions': 50, 'steps': 500, 'outer_total': 6468, 'slow_capped_steps': 0, 'unstable_steps': 0, 'final_factors': {'U': 0.918, 'p': 0.5613}}",t_gov,,node300,,10,,gov_jev,49,,45,6468,,0,pitzT_U10_dt2__govJev_async_r0,0,500,500,pitzT_U10_dt2,,0.00023498136808717073,0,0,171.42
12.91,,True,,50,166.0,,True,,50,162.88,False,0.918,0.5613,"{'completed': True, 'decisions': 50, 'steps': 500, 'outer_total': 6467, 'slow_capped_steps': 0, 'unstable_steps': 0, 'final_factors': {'U': 0.918, 'p': 0.5613}}",t_gov,,node300,,10,,gov_jev,49,,45,6467,,0,pitzT_U10_dt2__govJev_async_r1,0,500,500,pitzT_U10_dt2,,0.00023498691603793473,0,0,171.03
14.03,,True,,50,177.0,,True,,50,174.2,False,0.918,0.5613,"{'completed': True, 'decisions': 50, 'steps': 500, 'outer_total': 6330, 'slow_capped_steps': 0, 'unstable_steps': 0, 'final_factors': {'U': 0.918, 'p': 0.5613}}",t_gov,,node062,,10,,gov_jev,50,,45,6330,,0,pitzT_U10_dt2__govJev_async_r2,0,500,500,pitzT_U10_dt2,,0.00023529722337917993,0,0,178.59
13.58,,False,,50,188.0,,True,,50,168.12,False,0.918,0.5613,"{'completed': True, 'decisions': 50, 'steps': 500, 'outer_total': 6297, 'slow_capped_steps': 0, 'unstable_steps': 0, 'final_factors': {'U': 0.918, 'p': 0.5613}}",t_gov,,node062,,10,,gov_jev,50,,45,6297,,0,pitzT_U10_dt2__govJev_r0,0,500,500,pitzT_U10_dt2,,0.00023549350935984966,0,0,189.77
13.14,,False,,50,175.0,,True,,50,154.34,False,0.918,0.5613,"{'completed': True, 'decisions': 50, 'steps': 500, 'outer_total': 6297, 'slow_capped_steps': 0, 'unstable_steps': 0, 'final_factors': {'U': 0.918, 'p': 0.5613}}",t_gov,,node062,,10,,gov_jev,50,,45,6297,,0,pitzT_U10_dt2__govJev_r1,0,500,500,pitzT_U10_dt2,,0.00023549350935984966,0,0,177.03
13.63,,False,,50,198.0,,True,,50,171.24,False,0.918,0.5613,"{'completed': True, 'decisions': 50, 'steps': 500, 'outer_total': 6297, 'slow_capped_steps': 0, 'unstable_steps': 0, 'final_factors': {'U': 0.918, 'p': 0.5613}}",t_gov,,node300,,10,,gov_jev,50,,45,6297,,0,pitzT_U10_dt2__govJev_r2,0,500,500,pitzT_U10_dt2,,0.00023549350935984966,0,0,202.97
0,,False,,50,168.0,,True,,50,164.06,False,0.918,0.5613,"{'completed': True, 'decisions': 50, 'steps': 500, 'outer_total': 6297, 'slow_capped_steps': 0, 'unstable_steps': 0, 'final_factors': {'U': 0.918, 'p': 0.5613}}",t_gov,,node300,,10,,gov_rules,0,,45,6297,,0,pitzT_U10_dt2__govRules,0,500,500,pitzT_U10_dt2,,0.00023549350935984966,0,0,169.02
0,0,False,[],50,567.0,12.5385,True,0.0,0,558.53,False,0.7,0.3,,t_gov,0,node062,,0,246743,static,0,0,45,23040,,0,pitzT_U20_dt1__default,,1000,1000,pitzT_U20_dt1,0,7.346004987067813e-07,0,,568.28
25.82,,True,,50,286.0,,True,,100,282.53,False,0.9307,0.516,"{'completed': True, 'decisions': 100, 'steps': 1000, 'outer_total': 12131, 'slow_capped_steps': 0, 'unstable_steps': 1, 'final_factors': {'U': 0.9307, 'p': 0.516}}",t_gov,,node300,,10,,gov_jev,99,,50,12131,,0,pitzT_U20_dt1__govJev_async_r0,0,1000,1000,pitzT_U20_dt1,,0.00024059161474629991,1,1,287.69
25.63,,True,,50,267.0,,True,,100,265.04,False,0.918,0.516,"{'completed': True, 'decisions': 100, 'steps': 1000, 'outer_total': 11845, 'slow_capped_steps': 0, 'unstable_steps': 0, 'final_factors': {'U': 0.918, 'p': 0.516}}",t_gov,,node300,,10,,gov_jev,100,,49,11845,,0,pitzT_U20_dt1__govJev_async_r1,0,1000,1000,pitzT_U20_dt1,,0.0002295557997218811,0,0,268.72
25.55,,True,,50,301.0,,True,,100,296.89,False,0.918,0.516,"{'completed': True, 'decisions': 100, 'steps': 1000, 'outer_total': 11835, 'slow_capped_steps': 0, 'unstable_steps': 0, 'final_factors': {'U': 0.918, 'p': 0.516}}",t_gov,,node062,,10,,gov_jev,100,,45,11835,,0,pitzT_U20_dt1__govJev_async_r2,0,1000,1000,pitzT_U20_dt1,,0.0002295549112885939,0,0,303.02
27.04,,False,,50,335.0,,True,,100,299.02,False,0.918,0.516,"{'completed': True, 'decisions': 100, 'steps': 1000, 'outer_total': 11793, 'slow_capped_steps': 0, 'unstable_steps': 0, 'final_factors': {'U': 0.918, 'p': 0.516}}",t_gov,,node300,,10,,gov_jev,100,,45,11793,,0,pitzT_U20_dt1__govJev_r0,0,1000,1000,pitzT_U20_dt1,,0.0002295661353699055,0,0,336.34
25.52,,False,,50,333.0,,True,,100,292.46,False,0.918,0.516,"{'completed': True, 'decisions': 100, 'steps': 1000, 'outer_total': 11793, 'slow_capped_steps': 0, 'unstable_steps': 0, 'final_factors': {'U': 0.918, 'p': 0.516}}",t_gov,,node300,,10,,gov_jev,100,,45,11793,,0,pitzT_U20_dt1__govJev_r1,0,1000,1000,pitzT_U20_dt1,,0.0002295661353699055,0,0,337.65
28.02,,False,,50,357.0,,True,,100,319.67,False,0.918,0.516,"{'completed': True, 'decisions': 100, 'steps': 1000, 'outer_total': 11793, 'slow_capped_steps': 0, 'unstable_steps': 0, 'final_factors': {'U': 0.918, 'p': 0.516}}",t_gov,,node300,,10,,gov_jev,100,,45,11793,,0,pitzT_U20_dt1__govJev_r2,0,1000,1000,pitzT_U20_dt1,,0.0002295661353699055,0,0,357.73
0,,False,,50,309.0,,True,,100,303.74,False,0.918,0.516,"{'completed': True, 'decisions': 100, 'steps': 1000, 'outer_total': 11793, 'slow_capped_steps': 0, 'unstable_steps': 0, 'final_factors': {'U': 0.918, 'p': 0.516}}",t_gov,,node062,,10,,gov_rules,0,,45,11793,,0,pitzT_U20_dt1__govRules,0,1000,1000,pitzT_U20_dt1,,0.0002295661353699055,0,0,311.0
0,0,False,[],50,274.0,7.11473,True,0.0,0,270.11,False,0.7,0.3,,t_gov,0,node062,,0,114942,static,0,0,35,11050,,0,pitzT_U5_dt2__default,,500,500,pitzT_U5_dt2,0,2.8848843972124343e-06,0,,275.85
13.46,,True,,50,135.0,,True,,50,132.94,False,0.9032,0.6056,"{'completed': True, 'decisions': 50, 'steps': 500, 'outer_total': 5312, 'slow_capped_steps': 0, 'unstable_steps': 0, 'final_factors': {'U': 0.9032, 'p': 0.6056}}",t_gov,,node062,,10,,gov_jev,50,,35,5312,,0,pitzT_U5_dt2__govJev_async_r0,0,500,500,pitzT_U5_dt2,,0.0001614817157792701,0,0,137.24
12.77,,True,,50,129.0,,True,,50,125.84,False,0.9032,0.6056,"{'completed': True, 'decisions': 50, 'steps': 500, 'outer_total': 5315, 'slow_capped_steps': 0, 'unstable_steps': 0, 'final_factors': {'U': 0.9032, 'p': 0.6056}}",t_gov,,node300,,10,,gov_jev,50,,35,5315,,0,pitzT_U5_dt2__govJev_async_r1,0,500,500,pitzT_U5_dt2,,0.00016093279570021218,0,0,129.68
12.52,,True,,50,123.0,,True,,50,121.18,False,0.9032,0.6056,"{'completed': True, 'decisions': 50, 'steps': 500, 'outer_total': 5429, 'slow_capped_steps': 0, 'unstable_steps': 0, 'final_factors': {'U': 0.9032, 'p': 0.6056}}",t_gov,,node300,,10,,gov_jev,49,,35,5429,,0,pitzT_U5_dt2__govJev_async_r2,0,500,500,pitzT_U5_dt2,,0.00015708321944428233,0,0,125.0
13.78,,False,,50,158.0,,True,,50,138.88,False,0.9032,0.6056,"{'completed': True, 'decisions': 50, 'steps': 500, 'outer_total': 5284, 'slow_capped_steps': 0, 'unstable_steps': 0, 'final_factors': {'U': 0.9032, 'p': 0.6056}}",t_gov,,node300,,10,,gov_jev,50,,35,5284,,0,pitzT_U5_dt2__govJev_r0,0,500,500,pitzT_U5_dt2,,0.00016714687388708158,0,0,159.96
13.47,,False,,50,164.0,,True,,50,135.7,False,0.9032,0.6056,"{'completed': True, 'decisions': 50, 'steps': 500, 'outer_total': 5284, 'slow_capped_steps': 0, 'unstable_steps': 0, 'final_factors': {'U': 0.9032, 'p': 0.6056}}",t_gov,,node300,,10,,gov_jev,50,,35,5284,,0,pitzT_U5_dt2__govJev_r1,0,500,500,pitzT_U5_dt2,,0.00016714687388708158,0,0,168.16
13.71,,False,,50,159.0,,True,,50,139.85,False,0.9032,0.6056,"{'completed': True, 'decisions': 50, 'steps': 500, 'outer_total': 5284, 'slow_capped_steps': 0, 'unstable_steps': 0, 'final_factors': {'U': 0.9032, 'p': 0.6056}}",t_gov,,node300,,10,,gov_jev,50,,35,5284,,0,pitzT_U5_dt2__govJev_r2,0,500,500,pitzT_U5_dt2,,0.00016714687388708158,0,0,161.22
0,,False,,50,138.0,,True,,50,134.97,False,0.9032,0.6056,"{'completed': True, 'decisions': 50, 'steps': 500, 'outer_total': 5284, 'slow_capped_steps': 0, 'unstable_steps': 0, 'final_factors': {'U': 0.9032, 'p': 0.6056}}",t_gov,,node300,,10,,gov_rules,0,,35,5284,,0,pitzT_U5_dt2__govRules,0,500,500,pitzT_U5_dt2,,0.00016714687388708158,0,0,139.76
