group,run,template,u_err_ref2,u_err_ref2b
main,pitzDaily__default,pitzDaily,0.00372880384847303,0.0038004496546448054
main,pitzDaily__grid_U0.3_p0.3,pitzDaily,0.025784185780996435,0.025793532186718635
main,pitzDaily__grid_U0.3_p0.5,pitzDaily,0.025607534646588593,0.025616494937823673
main,pitzDaily__grid_U0.3_p0.7,pitzDaily,0.025331324710414584,0.02533923656100546
main,pitzDaily__grid_U0.3_p0.9,pitzDaily,0.025099395870118398,0.025106659081170483
main,pitzDaily__grid_U0.3_p1.0,pitzDaily,0.02508159043666074,0.02508960075117001
main,pitzDaily__grid_U0.5_p0.3,pitzDaily,0.016093364610140517,0.016095524902699013
main,pitzDaily__grid_U0.5_p0.5,pitzDaily,0.015513773408744713,0.015513098996659811
main,pitzDaily__grid_U0.5_p0.7,pitzDaily,0.014764947455607053,0.014760090924423167
main,pitzDaily__grid_U0.5_p0.9,pitzDaily,0.013730206480845738,0.013721026623200891
main,pitzDaily__grid_U0.5_p1.0,pitzDaily,0.013215391415973146,0.013203921375878707
main,pitzDaily__grid_U0.7_p0.3,pitzDaily,0.008759993481101347,0.008822343271210897
main,pitzDaily__grid_U0.7_p0.5,pitzDaily,0.009243648556955388,0.009307312614929631
main,pitzDaily__grid_U0.7_p0.7,pitzDaily,0.009520483598158274,0.009582706596323218
main,pitzDaily__grid_U0.7_p0.9,pitzDaily,0.009490985517797186,0.009549746483309996
main,pitzDaily__grid_U0.7_p1.0,pitzDaily,0.009385190239509147,0.00944212309975231
main,pitzDaily__grid_U0.8_p0.3,pitzDaily,0.00570648016623308,0.005777772005743708
main,pitzDaily__grid_U0.8_p0.5,pitzDaily,0.006196478124932559,0.0062708496265077305
main,pitzDaily__grid_U0.8_p0.7,pitzDaily,0.006758250169617029,0.006834805345468118
main,pitzDaily__grid_U0.8_p0.9,pitzDaily,0.006916206890908719,0.006993090665924412
main,pitzDaily__grid_U0.8_p1.0,pitzDaily,0.007135660862999065,0.007212710573701951
main,pitzDaily__grid_U0.95_p0.3,pitzDaily,0.0003892538161490413,0.000515505314881027
main,pitzDaily__grid_U0.95_p0.5,pitzDaily,0.0006618377058873877,0.0007804839645104867
main,pitzDaily__grid_U0.95_p0.7,pitzDaily,0.0020025359186555585,0.002096831617156675
main,pitzDaily__grid_U0.95_p0.9,pitzDaily,0.0021525145861085995,0.0022498681152819298
main,pitzDaily__grid_U0.95_p1.0,pitzDaily,0.0025936573231967134,0.0026920468261401416
main,pitzDaily__grid_U0.98_p0.3,pitzDaily,0.002608762606014498,0.002622992977599022
main,pitzDaily__grid_U0.98_p0.5,pitzDaily,0.0014007411467792947,0.001430932996328222
main,pitzDaily__grid_U0.98_p0.7,pitzDaily,0.0010936667832510242,0.0011346539712108797
main,pitzDaily__grid_U0.98_p0.9,pitzDaily,0.0010284112622646656,0.0010814888233427614
main,pitzDaily__grid_U0.98_p1.0,pitzDaily,0.004756090246811778,0.004760975660672914
main,pitzDaily__grid_U0.9_p0.3,pitzDaily,0.002178255534981435,0.002262536423178367
main,pitzDaily__grid_U0.9_p0.5,pitzDaily,0.003575892205857858,0.003647957637115244
main,pitzDaily__grid_U0.9_p0.7,pitzDaily,0.0035212580279801145,0.0035951435724564046
main,pitzDaily__grid_U0.9_p0.9,pitzDaily,0.003758178216229419,0.0038301573855434217
main,pitzDaily__grid_U0.9_p1.0,pitzDaily,0.00372880384847303,0.0038004496546448054
main,pitzDaily__heuristic,pitzDaily,0.001427775296283233,0.001540606821591073
main,pitzDaily__heuristic_low,pitzDaily,0.0009055073514257076,0.0010428700338397513
main,pitzDaily__jev_i20,pitzDaily,0.0012862691162521844,0.001405464529759679
main,pitzDaily__jev_i5,pitzDaily,0.006245519114480587,0.006310677401999398
main,pitzDaily__jev_i50,pitzDaily,0.0021852139239819514,0.0022895615960162644
main,pitzDaily__jev_low,pitzDaily,0.0013126679000469035,0.0014184497824897297
main,pitzDaily__jev_nounst,pitzDaily,0.0005892234840445729,0.000723128801125197
main,pitzDaily__jev_r0,pitzDaily,0.0004087416201094539,0.0005852763601528025
main,pitzDaily__jev_r1,pitzDaily,0.0005511209216540357,0.0006888067321222387
main,pitzDaily__jev_r2,pitzDaily,0.003693243020597249,0.0037506023179616475
main,pitzDaily__jev_s0.5,pitzDaily,0.000729607361195786,0.000877430570696899
main,pm_bfs_U25__default,pm_bfs_U25,0.23667887192551634,0.2362210044969008
main,pm_bfs_U25__grid_U0.3_p0.3,pm_bfs_U25,0.1126413831574612,0.11249801706325605
main,pm_bfs_U25__grid_U0.3_p0.5,pm_bfs_U25,0.1108507115702994,0.11064176431459338
main,pm_bfs_U25__grid_U0.3_p0.7,pm_bfs_U25,0.12241562234954034,0.12189181145523222
main,pm_bfs_U25__grid_U0.3_p0.9,pm_bfs_U25,0.10010343495681269,0.09992426497586308
main,pm_bfs_U25__grid_U0.3_p1.0,pm_bfs_U25,0.0911848338590705,0.09099124257770465
main,pm_bfs_U25__grid_U0.5_p0.3,pm_bfs_U25,0.22649465689133313,0.22608722179378227
main,pm_bfs_U25__grid_U0.5_p0.5,pm_bfs_U25,0.23667887192551634,0.2362210044969008
main,pm_bfs_U25__grid_U0.5_p0.7,pm_bfs_U25,0.23153021735596813,0.2311482336070623
main,pm_bfs_U25__grid_U0.5_p0.9,pm_bfs_U25,0.07757892127374211,0.07770628030530712
main,pm_bfs_U25__grid_U0.5_p1.0,pm_bfs_U25,0.07257357450022857,0.07213483819842731
main,pm_bfs_U25__grid_U0.7_p0.3,pm_bfs_U25,0.019176115707928335,0.018089606533371175
main,pm_bfs_U25__grid_U0.7_p0.5,pm_bfs_U25,0.18764634455358478,0.18728453559332955
main,pm_bfs_U25__grid_U0.7_p0.7,pm_bfs_U25,0.015461866682585977,0.014613681372153573
main,pm_bfs_U25__grid_U0.7_p0.9,pm_bfs_U25,0.050924229956885725,0.05062911767753568
main,pm_bfs_U25__grid_U0.7_p1.0,pm_bfs_U25,0.050308342110244535,0.050220782525140124
main,pm_bfs_U25__grid_U0.8_p0.3,pm_bfs_U25,0.02027478022558991,0.01834406256046369
main,pm_bfs_U25__grid_U0.8_p0.5,pm_bfs_U25,0.01965679559252428,0.02063845925842244
main,pm_bfs_U25__grid_U0.8_p0.7,pm_bfs_U25,0.019018058069361528,0.020384319436124454
main,pm_bfs_U25__grid_U0.8_p0.9,pm_bfs_U25,0.018041807270047516,0.01946429697460344
main,pm_bfs_U25__grid_U0.8_p1.0,pm_bfs_U25,0.017952823265573688,0.015615417167698212
main,pm_bfs_U25__grid_U0.95_p0.3,pm_bfs_U25,0.007630762471774327,0.008444443220130816
main,pm_bfs_U25__grid_U0.95_p0.5,pm_bfs_U25,0.011074779933796065,0.011684315311036749
main,pm_bfs_U25__grid_U0.95_p0.7,pm_bfs_U25,0.011925899115122424,0.01265666931102235
main,pm_bfs_U25__grid_U0.95_p0.9,pm_bfs_U25,0.014302169950950034,0.014757551281378588
main,pm_bfs_U25__grid_U0.95_p1.0,pm_bfs_U25,0.012980928605157677,0.014113474052438384
main,pm_bfs_U25__grid_U0.98_p0.3,pm_bfs_U25,0.013076453513883706,0.013194072446518204
main,pm_bfs_U25__grid_U0.98_p0.5,pm_bfs_U25,0.010638065928781157,0.010964656847252362
main,pm_bfs_U25__grid_U0.98_p0.7,pm_bfs_U25,0.011397634010441148,0.01169427004566194
main,pm_bfs_U25__grid_U0.98_p0.9,pm_bfs_U25,0.014806311133821276,0.015059540599814354
main,pm_bfs_U25__grid_U0.98_p1.0,pm_bfs_U25,0.015333035306719308,0.015547591517106817
main,pm_bfs_U25__grid_U0.9_p0.3,pm_bfs_U25,0.015403610733540978,0.013350216212877778
main,pm_bfs_U25__grid_U0.9_p0.5,pm_bfs_U25,0.0184456537852156,0.01812392560280823
main,pm_bfs_U25__grid_U0.9_p0.7,pm_bfs_U25,0.01887066569317143,0.019858085954708702
main,pm_bfs_U25__grid_U0.9_p0.9,pm_bfs_U25,0.023343702300697385,0.022163628102092634
main,pm_bfs_U25__grid_U0.9_p1.0,pm_bfs_U25,0.017115386492463098,0.018460131678047827
main,pm_bfs_U25__heuristic,pm_bfs_U25,0.23591891818059718,0.2354976082096311
main,pm_bfs_U25__heuristic_low,pm_bfs_U25,0.23796175020517457,0.23751065895545734
main,pm_bfs_U25__heuristic_pmbounds,pm_bfs_U25,0.3485440661393177,0.3481659733219564
main,pm_bfs_U25__jev_i20,pm_bfs_U25,0.03992991261866171,0.04005918564819456
main,pm_bfs_U25__jev_i5,pm_bfs_U25,0.22118841065778155,0.22074195479057562
main,pm_bfs_U25__jev_i50,pm_bfs_U25,0.035467173847463604,0.0354093148921172
main,pm_bfs_U25__jev_low,pm_bfs_U25,0.03395959761121168,0.03283337728108181
main,pm_bfs_U25__jev_nounst,pm_bfs_U25,0.2216823092136147,0.22144807394528523
main,pm_bfs_U25__jev_pmbounds_i10,pm_bfs_U25,0.22353871585888996,0.2230382034950832
main,pm_bfs_U25__jev_pmbounds_i100,pm_bfs_U25,0.02185221050779119,0.02164747902290415
main,pm_bfs_U25__jev_r0,pm_bfs_U25,0.04051687783855976,0.04064813779980065
main,pm_bfs_U25__jev_r1,pm_bfs_U25,0.02412209233349165,0.02388299786729898
main,pm_bfs_U25__jev_r2,pm_bfs_U25,0.033819854933641216,0.032856820030202884
main,pm_bfs_U25__jev_s0.5,pm_bfs_U25,0.22176518095842115,0.22151134908252185
main,pm_bfs_U44__default,pm_bfs_U44,0.06465482817999467,
main,pm_bfs_U44__grid_U0.3_p0.3,pm_bfs_U44,0.37598809537031214,
main,pm_bfs_U44__grid_U0.3_p0.5,pm_bfs_U44,0.38208796452033,
main,pm_bfs_U44__grid_U0.3_p0.7,pm_bfs_U44,0.11511930927067802,
main,pm_bfs_U44__grid_U0.3_p0.9,pm_bfs_U44,0.09583715344353834,
main,pm_bfs_U44__grid_U0.3_p1.0,pm_bfs_U44,0.08582011345220178,
main,pm_bfs_U44__grid_U0.5_p0.3,pm_bfs_U44,0.06283921175102601,
main,pm_bfs_U44__grid_U0.5_p0.5,pm_bfs_U44,0.06465482817999467,
main,pm_bfs_U44__grid_U0.5_p0.7,pm_bfs_U44,0.07271642070750278,
main,pm_bfs_U44__grid_U0.5_p0.9,pm_bfs_U44,0.06419424141434503,
main,pm_bfs_U44__grid_U0.5_p1.0,pm_bfs_U44,0.06426741497489656,
main,pm_bfs_U44__grid_U0.7_p0.3,pm_bfs_U44,0.020512467873011742,
main,pm_bfs_U44__grid_U0.7_p0.5,pm_bfs_U44,0.19194105554525973,
main,pm_bfs_U44__grid_U0.7_p0.7,pm_bfs_U44,0.016925739692801964,
main,pm_bfs_U44__grid_U0.7_p0.9,pm_bfs_U44,0.04974172437184401,
main,pm_bfs_U44__grid_U0.7_p1.0,pm_bfs_U44,0.0463389669694057,
main,pm_bfs_U44__grid_U0.8_p0.3,pm_bfs_U44,0.02136536394604328,
main,pm_bfs_U44__grid_U0.8_p0.5,pm_bfs_U44,0.01987207741984717,
main,pm_bfs_U44__grid_U0.8_p0.7,pm_bfs_U44,0.01952095765777514,
main,pm_bfs_U44__grid_U0.8_p0.9,pm_bfs_U44,0.019614185928498718,
main,pm_bfs_U44__grid_U0.8_p1.0,pm_bfs_U44,0.0197491442400906,
main,pm_bfs_U44__grid_U0.95_p0.3,pm_bfs_U44,0.004312572634934016,
main,pm_bfs_U44__grid_U0.95_p0.5,pm_bfs_U44,0.008099832688110344,
main,pm_bfs_U44__grid_U0.95_p0.7,pm_bfs_U44,0.008903908744350758,
main,pm_bfs_U44__grid_U0.95_p0.9,pm_bfs_U44,0.014704923080894357,
main,pm_bfs_U44__grid_U0.95_p1.0,pm_bfs_U44,0.00841261774476195,
main,pm_bfs_U44__grid_U0.98_p0.3,pm_bfs_U44,0.0092055190376524,
main,pm_bfs_U44__grid_U0.98_p0.5,pm_bfs_U44,0.010347532372485136,
main,pm_bfs_U44__grid_U0.98_p0.7,pm_bfs_U44,0.010928935556422393,
main,pm_bfs_U44__grid_U0.98_p0.9,pm_bfs_U44,0.00975630372004969,
main,pm_bfs_U44__grid_U0.98_p1.0,pm_bfs_U44,0.008082065372865911,
main,pm_bfs_U44__grid_U0.9_p0.3,pm_bfs_U44,0.012460597817742414,
main,pm_bfs_U44__grid_U0.9_p0.5,pm_bfs_U44,0.012353867235500126,
main,pm_bfs_U44__grid_U0.9_p0.7,pm_bfs_U44,0.011122446786101282,
main,pm_bfs_U44__grid_U0.9_p0.9,pm_bfs_U44,0.012135400753774101,
main,pm_bfs_U44__grid_U0.9_p1.0,pm_bfs_U44,0.01140964966312373,
main,pm_bfs_U44__heuristic,pm_bfs_U44,0.04860978538472607,
main,pm_bfs_U44__heuristic_low,pm_bfs_U44,0.05979802570821128,
main,pm_bfs_U44__heuristic_pmbounds,pm_bfs_U44,0.3619801520532651,
main,pm_bfs_U44__jev_i20,pm_bfs_U44,0.02931658738174359,
main,pm_bfs_U44__jev_i5,pm_bfs_U44,0.22399105537830766,
main,pm_bfs_U44__jev_i50,pm_bfs_U44,0.029335245295112906,
main,pm_bfs_U44__jev_low,pm_bfs_U44,0.02082524168330231,
main,pm_bfs_U44__jev_nounst,pm_bfs_U44,0.02235247906788179,
main,pm_bfs_U44__jev_pmbounds_i10,pm_bfs_U44,0.18291523667395032,
main,pm_bfs_U44__jev_pmbounds_i100,pm_bfs_U44,0.031535770542441555,
main,pm_bfs_U44__jev_r0,pm_bfs_U44,0.009729562436959169,
main,pm_bfs_U44__jev_r1,pm_bfs_U44,0.018845734010591777,
main,pm_bfs_U44__jev_r2,pm_bfs_U44,0.01857859873951185,
main,pm_bfs_U44__jev_s0.5,pm_bfs_U44,0.027570001308876085,
main,pm_bfs_U50__default,pm_bfs_U50,0.07755302891481307,0.07697296530494462
main,pm_bfs_U50__grid_U0.3_p0.3,pm_bfs_U50,0.38903255503309553,0.38845774702586305
main,pm_bfs_U50__grid_U0.3_p0.5,pm_bfs_U50,0.3933507291212912,0.3927761907214288
main,pm_bfs_U50__grid_U0.3_p0.7,pm_bfs_U50,0.12592424781529143,0.12545353423143873
main,pm_bfs_U50__grid_U0.3_p0.9,pm_bfs_U50,0.09505472439790943,0.09484952867412016
main,pm_bfs_U50__grid_U0.3_p1.0,pm_bfs_U50,0.08652658487569058,0.08665906639206569
main,pm_bfs_U50__grid_U0.5_p0.3,pm_bfs_U50,0.050151421339747655,0.049620023932513566
main,pm_bfs_U50__grid_U0.5_p0.5,pm_bfs_U50,0.07755302891481307,0.07697296530494462
main,pm_bfs_U50__grid_U0.5_p0.7,pm_bfs_U50,0.06252418452270585,0.06238685310757985
main,pm_bfs_U50__grid_U0.5_p0.9,pm_bfs_U50,0.0643828692343713,0.06423017826999824
main,pm_bfs_U50__grid_U0.5_p1.0,pm_bfs_U50,0.0638067639100102,0.06372928695850129
main,pm_bfs_U50__grid_U0.7_p0.3,pm_bfs_U50,0.021442590191285384,0.02130116580766413
main,pm_bfs_U50__grid_U0.7_p0.5,pm_bfs_U50,0.01804800528349756,0.018468995654815898
main,pm_bfs_U50__grid_U0.7_p0.7,pm_bfs_U50,0.01711333353949131,0.017736942258834883
main,pm_bfs_U50__grid_U0.7_p0.9,pm_bfs_U50,0.04840003605287522,0.048570001786760866
main,pm_bfs_U50__grid_U0.7_p1.0,pm_bfs_U50,0.04401675967219552,0.04357289467239786
main,pm_bfs_U50__grid_U0.8_p0.3,pm_bfs_U50,0.020669765232846502,0.020833205875249308
main,pm_bfs_U50__grid_U0.8_p0.5,pm_bfs_U50,0.019338786070633454,0.018673252747220412
main,pm_bfs_U50__grid_U0.8_p0.7,pm_bfs_U50,0.019460134191007106,0.020103827814726118
main,pm_bfs_U50__grid_U0.8_p0.9,pm_bfs_U50,0.01947453073960718,0.020361828737420883
main,pm_bfs_U50__grid_U0.8_p1.0,pm_bfs_U50,0.019391734380905072,0.01813832648048898
main,pm_bfs_U50__grid_U0.95_p0.3,pm_bfs_U50,0.004901842496811971,0.005326939600620159
main,pm_bfs_U50__grid_U0.95_p0.5,pm_bfs_U50,0.008557125246121376,0.008772933954621606
main,pm_bfs_U50__grid_U0.95_p0.7,pm_bfs_U50,0.008878613921054388,0.00904442597358291
main,pm_bfs_U50__grid_U0.95_p0.9,pm_bfs_U50,0.012040709586446183,0.011466012400445336
main,pm_bfs_U50__grid_U0.95_p1.0,pm_bfs_U50,0.008975766865729104,0.008415963852056872
main,pm_bfs_U50__grid_U0.98_p0.3,pm_bfs_U50,0.007509376681877234,0.007606378438871402
main,pm_bfs_U50__grid_U0.98_p0.5,pm_bfs_U50,0.009680493651110973,0.009733398565181081
main,pm_bfs_U50__grid_U0.98_p0.7,pm_bfs_U50,0.010769097493232817,0.010773755387928265
main,pm_bfs_U50__grid_U0.98_p0.9,pm_bfs_U50,0.008873178868647986,0.00893513065090644
main,pm_bfs_U50__grid_U0.98_p1.0,pm_bfs_U50,0.008679591695724591,0.0088310829256312
main,pm_bfs_U50__grid_U0.9_p0.3,pm_bfs_U50,0.01120234965028107,0.009696003373393821
main,pm_bfs_U50__grid_U0.9_p0.5,pm_bfs_U50,0.011171094065024775,0.010839391319559695
main,pm_bfs_U50__grid_U0.9_p0.7,pm_bfs_U50,0.010767534023356666,0.011452708106120823
main,pm_bfs_U50__grid_U0.9_p0.9,pm_bfs_U50,0.013150185632762794,0.012054086216417279
main,pm_bfs_U50__grid_U0.9_p1.0,pm_bfs_U50,0.012349800619949504,0.01059169781923804
main,pm_bfs_U50__heuristic,pm_bfs_U50,0.07014616780672041,0.06948602329834462
main,pm_bfs_U50__heuristic_low,pm_bfs_U50,0.05732956716739712,0.05656744558675577
main,pm_bfs_U50__heuristic_pmbounds,pm_bfs_U50,0.4836059030212771,0.4830471809277346
main,pm_bfs_U50__jev_i20,pm_bfs_U50,0.021615610445928597,0.02169937158641976
main,pm_bfs_U50__jev_i5,pm_bfs_U50,0.03082286861999171,0.03039276429209354
main,pm_bfs_U50__jev_i50,pm_bfs_U50,0.040762058339181645,0.040801944370745497
main,pm_bfs_U50__jev_low,pm_bfs_U50,0.0202286210355182,0.020218938561487956
main,pm_bfs_U50__jev_nounst,pm_bfs_U50,0.0051996281037995674,0.005515132962258227
main,pm_bfs_U50__jev_pmbounds_i10,pm_bfs_U50,0.02299533153502663,0.023093798693744796
main,pm_bfs_U50__jev_pmbounds_i100,pm_bfs_U50,0.0417663580021738,0.04199607411438738
main,pm_bfs_U50__jev_r0,pm_bfs_U50,0.004205125199446358,0.004691108309109096
main,pm_bfs_U50__jev_r1,pm_bfs_U50,0.017741139535919395,0.017907379253633726
main,pm_bfs_U50__jev_r2,pm_bfs_U50,0.01986589999863479,0.019894076601112334
main,pm_bfs_U50__jev_s0.5,pm_bfs_U50,0.02556457726115237,0.025598909126267114
main,pm_bfs_U75__default,pm_bfs_U75,0.08695069638740612,0.08685725522010453
main,pm_bfs_U75__grid_U0.3_p0.3,pm_bfs_U75,0.43237266729555174,0.43230374046173126
main,pm_bfs_U75__grid_U0.3_p0.5,pm_bfs_U75,0.4379768877879137,0.43790662380163775
main,pm_bfs_U75__grid_U0.3_p0.7,pm_bfs_U75,0.27682551457717286,0.27678022667521124
main,pm_bfs_U75__grid_U0.3_p0.9,pm_bfs_U75,0.09443862050756503,0.09443853395871737
main,pm_bfs_U75__grid_U0.3_p1.0,pm_bfs_U75,0.08667846461078771,0.08673599578545617
main,pm_bfs_U75__grid_U0.5_p0.3,pm_bfs_U75,0.06226041145407266,0.06216078076692344
main,pm_bfs_U75__grid_U0.5_p0.5,pm_bfs_U75,0.08695069638740612,0.08685725522010453
main,pm_bfs_U75__grid_U0.5_p0.7,pm_bfs_U75,0.07898741877957792,0.07887057097760576
main,pm_bfs_U75__grid_U0.5_p0.9,pm_bfs_U75,0.06269931968904796,0.06260714499136905
main,pm_bfs_U75__grid_U0.5_p1.0,pm_bfs_U75,0.05997678141347576,0.0598623539797159
main,pm_bfs_U75__grid_U0.7_p0.3,pm_bfs_U75,0.020119725583976122,0.01987218348047667
main,pm_bfs_U75__grid_U0.7_p0.5,pm_bfs_U75,0.01872036796440006,0.018387148704331103
main,pm_bfs_U75__grid_U0.7_p0.7,pm_bfs_U75,0.01764260322672939,0.01758041833524819
main,pm_bfs_U75__grid_U0.7_p0.9,pm_bfs_U75,0.0367743595319433,0.03670425430576789
main,pm_bfs_U75__grid_U0.7_p1.0,pm_bfs_U75,0.03642396375200267,0.036369904946633336
main,pm_bfs_U75__grid_U0.8_p0.3,pm_bfs_U75,0.021334400037797786,0.020913039074516124
main,pm_bfs_U75__grid_U0.8_p0.5,pm_bfs_U75,0.019329021128130622,0.019694636738885038
main,pm_bfs_U75__grid_U0.8_p0.7,pm_bfs_U75,0.01918346362402472,0.018845451171409806
main,pm_bfs_U75__grid_U0.8_p0.9,pm_bfs_U75,0.018128729898260542,0.018418606693405632
main,pm_bfs_U75__grid_U0.8_p1.0,pm_bfs_U75,0.019052262265776564,0.018618968381478918
main,pm_bfs_U75__grid_U0.95_p0.3,pm_bfs_U75,0.007319742933438472,0.007333699712013251
main,pm_bfs_U75__grid_U0.95_p0.5,pm_bfs_U75,0.008942645614563784,0.00890247708283688
main,pm_bfs_U75__grid_U0.95_p0.7,pm_bfs_U75,0.009854311486796639,0.009843790548252442
main,pm_bfs_U75__grid_U0.95_p0.9,pm_bfs_U75,0.007572890509510855,0.007815645777386599
main,pm_bfs_U75__grid_U0.95_p1.0,pm_bfs_U75,0.005450679303285946,0.004971882058087866
main,pm_bfs_U75__grid_U0.98_p0.3,pm_bfs_U75,0.007939704467104904,0.007952603079736761
main,pm_bfs_U75__grid_U0.98_p0.5,pm_bfs_U75,0.009653943259350883,0.009652278850535557
main,pm_bfs_U75__grid_U0.98_p0.7,pm_bfs_U75,0.009894227228050955,0.009893896077555687
main,pm_bfs_U75__grid_U0.98_p0.9,pm_bfs_U75,0.009245429461177321,0.009244442602993135
main,pm_bfs_U75__grid_U0.98_p1.0,pm_bfs_U75,0.007393885973445387,0.007424702837090697
main,pm_bfs_U75__grid_U0.9_p0.3,pm_bfs_U75,0.010389487181676555,0.010527234722938705
main,pm_bfs_U75__grid_U0.9_p0.5,pm_bfs_U75,0.011246629059431376,0.01115471206002146
main,pm_bfs_U75__grid_U0.9_p0.7,pm_bfs_U75,0.011152813894218946,0.011126973036478263
main,pm_bfs_U75__grid_U0.9_p0.9,pm_bfs_U75,0.010826346215345995,0.010129310487527137
main,pm_bfs_U75__grid_U0.9_p1.0,pm_bfs_U75,0.011042942743389001,0.0103709998455788
main,pm_bfs_U75__heuristic,pm_bfs_U75,0.0860436637491256,0.08590247095181973
main,pm_bfs_U75__heuristic_low,pm_bfs_U75,0.053683819976227884,0.05348400353688793
main,pm_bfs_U75__heuristic_pmbounds,pm_bfs_U75,0.5322978260724662,0.5322271921740556
main,pm_bfs_U75__jev_i20,pm_bfs_U75,0.014807435354072272,0.014846492221708783
main,pm_bfs_U75__jev_i5,pm_bfs_U75,0.07252874908745983,0.07237039479609178
main,pm_bfs_U75__jev_i50,pm_bfs_U75,0.029621902361974237,0.02962788243549573
main,pm_bfs_U75__jev_low,pm_bfs_U75,0.004942212512923506,0.005030345522410367
main,pm_bfs_U75__jev_nounst,pm_bfs_U75,0.006063985472125288,0.006126304943792877
main,pm_bfs_U75__jev_pmbounds_i10,pm_bfs_U75,0.030223125566456274,0.030203159553480376
main,pm_bfs_U75__jev_pmbounds_i100,pm_bfs_U75,0.029899417580187132,0.029829586832172912
main,pm_bfs_U75__jev_r0,pm_bfs_U75,0.006454769152898854,0.006536315281956739
main,pm_bfs_U75__jev_r1,pm_bfs_U75,0.012749381388669457,0.012758685595645471
main,pm_bfs_U75__jev_r2,pm_bfs_U75,0.0061278253538848025,0.006140163150015974
main,pm_bfs_U75__jev_s0.5,pm_bfs_U75,0.017621113161924645,0.017616200597431242
v3,pitzDaily__default,pitzDaily,0.00372880384847303,0.0038004496546448054
v3,pitzDaily__heur3,pitzDaily,0.0028623186445786183,0.002957931192435565
v3,pitzDaily__jev3_async_r0,pitzDaily,0.000478198697376947,0.0006329273608527793
v3,pitzDaily__jev3_async_r1,pitzDaily,0.002124000379289317,0.0022243292067283204
v3,pitzDaily__jev3_async_r2,pitzDaily,0.0007898785628015185,0.0007951702627121539
v3,pitzDaily__jev3_i20,pitzDaily,0.0002762868193795737,0.00044060646438228736
v3,pitzDaily__jev3_i5,pitzDaily,0.0006552404616108158,0.0006689048522216144
v3,pitzDaily__jev3_low,pitzDaily,0.0028899290093085178,0.0029336796063805484
v3,pitzDaily__jev3_r0,pitzDaily,0.000431278613487375,0.000529757667552386
v3,pitzDaily__jev3_r1,pitzDaily,0.0003292514604074766,0.0004427366414946811
v3,pitzDaily__jev3_r2,pitzDaily,0.000431278613487375,0.000529757667552386
v3,pm_bfs_U25__default,pm_bfs_U25,0.23667887192551634,0.2362210044969008
v3,pm_bfs_U25__heur3,pm_bfs_U25,0.015649286289220507,0.01537499220597569
v3,pm_bfs_U25__jev3_async_r0,pm_bfs_U25,0.016791606743367757,0.01762605765003026
v3,pm_bfs_U25__jev3_async_r1,pm_bfs_U25,0.04348355749179204,0.044024664522022416
v3,pm_bfs_U25__jev3_async_r2,pm_bfs_U25,0.0175726461935329,0.01658521347753639
v3,pm_bfs_U25__jev3_i20,pm_bfs_U25,0.04127942158556064,0.04132635822425652
v3,pm_bfs_U25__jev3_i5,pm_bfs_U25,0.03570514314767393,0.035033084284729385
v3,pm_bfs_U25__jev3_low,pm_bfs_U25,0.03844368760284308,0.038485045562859255
v3,pm_bfs_U25__jev3_pmb_i10,pm_bfs_U25,0.043430500003504784,0.04397240846687787
v3,pm_bfs_U25__jev3_pmb_i100,pm_bfs_U25,0.047047643274715896,0.04712421467415589
v3,pm_bfs_U25__jev3_r0,pm_bfs_U25,0.017795918846788664,0.01616613054995216
v3,pm_bfs_U25__jev3_r1,pm_bfs_U25,0.01827034978291378,0.01851601606585803
v3,pm_bfs_U25__jev3_r2,pm_bfs_U25,0.01805823951950266,0.017819101288879008
v3,pm_bfs_U44__default,pm_bfs_U44,0.06465482817999467,
v3,pm_bfs_U44__heur3,pm_bfs_U44,0.01715539727390551,
v3,pm_bfs_U44__jev3_async_r0,pm_bfs_U44,0.019297958308331947,
v3,pm_bfs_U44__jev3_async_r1,pm_bfs_U44,0.019264497868230528,
v3,pm_bfs_U44__jev3_async_r2,pm_bfs_U44,0.03633094542057493,
v3,pm_bfs_U44__jev3_i20,pm_bfs_U44,0.0406083755781911,
v3,pm_bfs_U44__jev3_i5,pm_bfs_U44,0.03145256448101295,
v3,pm_bfs_U44__jev3_low,pm_bfs_U44,0.035081288207065874,
v3,pm_bfs_U44__jev3_pmb_i10,pm_bfs_U44,0.033978013545447196,
v3,pm_bfs_U44__jev3_pmb_i100,pm_bfs_U44,0.035919441489941153,
v3,pm_bfs_U44__jev3_r0,pm_bfs_U44,0.03332843844192027,
v3,pm_bfs_U44__jev3_r1,pm_bfs_U44,0.03332843844192027,
v3,pm_bfs_U44__jev3_r2,pm_bfs_U44,0.03332843844192027,
v3,pm_bfs_U50__default,pm_bfs_U50,0.07755302891481307,0.07697296530494462
v3,pm_bfs_U50__heur3,pm_bfs_U50,0.016601381986507752,0.016315123163015584
v3,pm_bfs_U50__jev3_async_r0,pm_bfs_U50,0.037690547072134366,0.03762405894875764
v3,pm_bfs_U50__jev3_async_r1,pm_bfs_U50,0.03303090422141363,0.03347521936950957
v3,pm_bfs_U50__jev3_async_r2,pm_bfs_U50,0.03233947781486185,0.03261821934991551
v3,pm_bfs_U50__jev3_i20,pm_bfs_U50,0.038682264306845356,0.0387609097660506
v3,pm_bfs_U50__jev3_i5,pm_bfs_U50,0.019741185257374838,0.01837708829618897
v3,pm_bfs_U50__jev3_low,pm_bfs_U50,0.03261780785079954,0.03305266052212982
v3,pm_bfs_U50__jev3_pmb_i10,pm_bfs_U50,0.02853226604746333,0.02873087717827738
v3,pm_bfs_U50__jev3_pmb_i100,pm_bfs_U50,0.03321119332698247,0.03290342283262235
v3,pm_bfs_U50__jev3_r0,pm_bfs_U50,0.03285903198558975,0.03304376022196357
v3,pm_bfs_U50__jev3_r1,pm_bfs_U50,0.03285903198558975,0.03304376022196357
v3,pm_bfs_U50__jev3_r2,pm_bfs_U50,0.03285903198558975,0.03304376022196357
v3,pm_bfs_U75__default,pm_bfs_U75,0.08695069638740612,0.08685725522010453
v3,pm_bfs_U75__heur3,pm_bfs_U75,0.01903933243215264,0.01864684726451872
v3,pm_bfs_U75__jev3_async_r0,pm_bfs_U75,0.019125995113085582,0.018906170616367953
v3,pm_bfs_U75__jev3_async_r1,pm_bfs_U75,0.029591378818438298,0.02973272057119129
v3,pm_bfs_U75__jev3_async_r2,pm_bfs_U75,0.032748167086738535,0.03274042599251889
v3,pm_bfs_U75__jev3_i20,pm_bfs_U75,0.019584633534166836,0.019324139454679628
v3,pm_bfs_U75__jev3_i5,pm_bfs_U75,0.018883211137224177,0.018456420601651768
v3,pm_bfs_U75__jev3_low,pm_bfs_U75,0.020384668431338373,0.020669084949335073
v3,pm_bfs_U75__jev3_pmb_i10,pm_bfs_U75,0.01813975367376965,0.018405982753327
v3,pm_bfs_U75__jev3_pmb_i100,pm_bfs_U75,0.029066059181162347,0.02904949486908512
v3,pm_bfs_U75__jev3_r0,pm_bfs_U75,0.019861217597559794,0.019464920447093494
v3,pm_bfs_U75__jev3_r1,pm_bfs_U75,0.019861217597559794,0.019464920447093494
v3,pm_bfs_U75__jev3_r2,pm_bfs_U75,0.019861217597559794,0.019464920447093494
v3held,pitzDaily_U20__default,pitzDaily_U20,0.003384684769027417,
v3held,pitzDaily_U20__grid_U0.3_p0.3,pitzDaily_U20,0.024293198791528744,
v3held,pitzDaily_U20__grid_U0.3_p0.5,pitzDaily_U20,0.02396424972536692,
v3held,pitzDaily_U20__grid_U0.3_p0.7,pitzDaily_U20,0.023602440082491363,
v3held,pitzDaily_U20__grid_U0.3_p0.9,pitzDaily_U20,0.023060134368489072,
v3held,pitzDaily_U20__grid_U0.3_p1.0,pitzDaily_U20,0.022637287435127135,
v3held,pitzDaily_U20__grid_U0.5_p0.3,pitzDaily_U20,0.017149981674710456,
v3held,pitzDaily_U20__grid_U0.5_p0.5,pitzDaily_U20,0.0166673922708634,
v3held,pitzDaily_U20__grid_U0.5_p0.7,pitzDaily_U20,0.015945675990657375,
v3held,pitzDaily_U20__grid_U0.5_p0.9,pitzDaily_U20,0.015214531962751554,
v3held,pitzDaily_U20__grid_U0.5_p1.0,pitzDaily_U20,0.014624714123100471,
v3held,pitzDaily_U20__grid_U0.7_p0.3,pitzDaily_U20,0.0058290518061825175,
v3held,pitzDaily_U20__grid_U0.7_p0.5,pitzDaily_U20,0.006106235070796738,
v3held,pitzDaily_U20__grid_U0.7_p0.7,pitzDaily_U20,0.006518866753741676,
v3held,pitzDaily_U20__grid_U0.7_p0.9,pitzDaily_U20,0.007001244313034628,
v3held,pitzDaily_U20__grid_U0.7_p1.0,pitzDaily_U20,0.007204580644146174,
v3held,pitzDaily_U20__grid_U0.8_p0.3,pitzDaily_U20,0.0036366598457943143,
v3held,pitzDaily_U20__grid_U0.8_p0.5,pitzDaily_U20,0.004104845547881714,
v3held,pitzDaily_U20__grid_U0.8_p0.7,pitzDaily_U20,0.004488384886805174,
v3held,pitzDaily_U20__grid_U0.8_p0.9,pitzDaily_U20,0.004685974437995036,
v3held,pitzDaily_U20__grid_U0.8_p1.0,pitzDaily_U20,0.004819531192298581,
v3held,pitzDaily_U20__grid_U0.95_p0.3,pitzDaily_U20,0.0004348943253173807,
v3held,pitzDaily_U20__grid_U0.95_p0.5,pitzDaily_U20,0.000771008678064285,
v3held,pitzDaily_U20__grid_U0.95_p0.7,pitzDaily_U20,0.0015870719956666503,
v3held,pitzDaily_U20__grid_U0.95_p0.9,pitzDaily_U20,0.002048479230530341,
v3held,pitzDaily_U20__grid_U0.95_p1.0,pitzDaily_U20,0.002247448998487469,
v3held,pitzDaily_U20__grid_U0.98_p0.3,pitzDaily_U20,0.0015055713449110004,
v3held,pitzDaily_U20__grid_U0.98_p0.5,pitzDaily_U20,0.006813638289609454,
v3held,pitzDaily_U20__grid_U0.98_p0.7,pitzDaily_U20,0.0018111905492855015,
v3held,pitzDaily_U20__grid_U0.98_p0.9,pitzDaily_U20,0.006752293886990723,
v3held,pitzDaily_U20__grid_U0.98_p1.0,pitzDaily_U20,0.0016279156400926678,
v3held,pitzDaily_U20__grid_U0.9_p0.3,pitzDaily_U20,0.0016373117487063337,
v3held,pitzDaily_U20__grid_U0.9_p0.5,pitzDaily_U20,0.0033077750655729856,
v3held,pitzDaily_U20__grid_U0.9_p0.7,pitzDaily_U20,0.00330116919804295,
v3held,pitzDaily_U20__grid_U0.9_p0.9,pitzDaily_U20,0.003358779186073123,
v3held,pitzDaily_U20__grid_U0.9_p1.0,pitzDaily_U20,0.003384684769027417,
v3held,pitzDaily_U20__heur3,pitzDaily_U20,0.0029765582304263085,
v3held,pitzDaily_U20__jev3_async_r0,pitzDaily_U20,0.0002999829137491737,
v3held,pitzDaily_U20__jev3_async_r1,pitzDaily_U20,0.0005210040654098407,
v3held,pitzDaily_U20__jev3_async_r2,pitzDaily_U20,0.0019812773451480465,
v3held,pitzDaily_U20__jev3_i20,pitzDaily_U20,0.00033125064901895154,
v3held,pitzDaily_U20__jev3_i5,pitzDaily_U20,0.00043388999686019044,
v3held,pitzDaily_U20__jev3_low,pitzDaily_U20,0.003075524707860264,
v3held,pitzDaily_U20__jev3_r0,pitzDaily_U20,0.00021803697498785115,
v3held,pitzDaily_U20__jev3_r1,pitzDaily_U20,0.00021803697498785115,
v3held,pitzDaily_U20__jev3_r2,pitzDaily_U20,0.00021803697498785115,
v3held,pm_bfs_U35__default,pm_bfs_U35,0.07183913714971621,
v3held,pm_bfs_U35__grid_U0.3_p0.3,pm_bfs_U35,0.22523816178453665,
v3held,pm_bfs_U35__grid_U0.3_p0.5,pm_bfs_U35,0.3564376162442084,
v3held,pm_bfs_U35__grid_U0.3_p0.7,pm_bfs_U35,0.12278072498690767,
v3held,pm_bfs_U35__grid_U0.3_p0.9,pm_bfs_U35,0.09764159881590029,
v3held,pm_bfs_U35__grid_U0.3_p1.0,pm_bfs_U35,0.08681247200191997,
v3held,pm_bfs_U35__grid_U0.5_p0.3,pm_bfs_U35,0.06883953025779611,
v3held,pm_bfs_U35__grid_U0.5_p0.5,pm_bfs_U35,0.07183913714971621,
v3held,pm_bfs_U35__grid_U0.5_p0.7,pm_bfs_U35,0.23127663417529787,
v3held,pm_bfs_U35__grid_U0.5_p0.9,pm_bfs_U35,0.06829637796403608,
v3held,pm_bfs_U35__grid_U0.5_p1.0,pm_bfs_U35,0.0664235672934931,
v3held,pm_bfs_U35__grid_U0.7_p0.3,pm_bfs_U35,0.02035618695359867,
v3held,pm_bfs_U35__grid_U0.7_p0.5,pm_bfs_U35,0.17839839171683503,
v3held,pm_bfs_U35__grid_U0.7_p0.7,pm_bfs_U35,0.19235893189449696,
v3held,pm_bfs_U35__grid_U0.7_p0.9,pm_bfs_U35,0.05091619245419419,
v3held,pm_bfs_U35__grid_U0.7_p1.0,pm_bfs_U35,0.04858524273173333,
v3held,pm_bfs_U35__grid_U0.8_p0.3,pm_bfs_U35,0.020486975271095116,
v3held,pm_bfs_U35__grid_U0.8_p0.5,pm_bfs_U35,0.019786362561753007,
v3held,pm_bfs_U35__grid_U0.8_p0.7,pm_bfs_U35,0.019502095426975383,
v3held,pm_bfs_U35__grid_U0.8_p0.9,pm_bfs_U35,0.019690340140896743,
v3held,pm_bfs_U35__grid_U0.8_p1.0,pm_bfs_U35,0.018763676866540614,
v3held,pm_bfs_U35__grid_U0.95_p0.3,pm_bfs_U35,0.006944767611641546,
v3held,pm_bfs_U35__grid_U0.95_p0.5,pm_bfs_U35,0.007782308101787354,
v3held,pm_bfs_U35__grid_U0.95_p0.7,pm_bfs_U35,0.010078155082960082,
v3held,pm_bfs_U35__grid_U0.95_p0.9,pm_bfs_U35,0.013549679237130869,
v3held,pm_bfs_U35__grid_U0.95_p1.0,pm_bfs_U35,0.007749416814907039,
v3held,pm_bfs_U35__grid_U0.98_p0.3,pm_bfs_U35,0.007830757173452666,
v3held,pm_bfs_U35__grid_U0.98_p0.5,pm_bfs_U35,0.009908015274303319,
v3held,pm_bfs_U35__grid_U0.98_p0.7,pm_bfs_U35,0.01088468300432341,
v3held,pm_bfs_U35__grid_U0.98_p0.9,pm_bfs_U35,0.010898391743302574,
v3held,pm_bfs_U35__grid_U0.98_p1.0,pm_bfs_U35,0.010565867997360517,
v3held,pm_bfs_U35__grid_U0.9_p0.3,pm_bfs_U35,0.01327162937826294,
v3held,pm_bfs_U35__grid_U0.9_p0.5,pm_bfs_U35,0.01269800924958356,
v3held,pm_bfs_U35__grid_U0.9_p0.7,pm_bfs_U35,0.013042027778409813,
v3held,pm_bfs_U35__grid_U0.9_p0.9,pm_bfs_U35,0.016399659237565808,
v3held,pm_bfs_U35__grid_U0.9_p1.0,pm_bfs_U35,0.010762044553671416,
v3held,pm_bfs_U35__heur3,pm_bfs_U35,0.03748779969630011,
v3held,pm_bfs_U35__jev3_async_r0,pm_bfs_U35,0.019052435809971038,
v3held,pm_bfs_U35__jev3_async_r1,pm_bfs_U35,0.019021778309485697,
v3held,pm_bfs_U35__jev3_async_r2,pm_bfs_U35,0.03646751415332987,
v3held,pm_bfs_U35__jev3_i20,pm_bfs_U35,0.04110973993263937,
v3held,pm_bfs_U35__jev3_i5,pm_bfs_U35,0.03459192647229387,
v3held,pm_bfs_U35__jev3_low,pm_bfs_U35,0.034185488357474654,
v3held,pm_bfs_U35__jev3_pmb_i10,pm_bfs_U35,0.0338651756659522,
v3held,pm_bfs_U35__jev3_pmb_i100,pm_bfs_U35,0.04436852177055902,
v3held,pm_bfs_U35__jev3_r0,pm_bfs_U35,0.035596993928496204,
v3held,pm_bfs_U35__jev3_r1,pm_bfs_U35,0.03330033820110167,
v3held,pm_bfs_U35__jev3_r2,pm_bfs_U35,0.035596993928496204,
v3held,pm_bfs_U65__default,pm_bfs_U65,0.08039220376658626,
v3held,pm_bfs_U65__grid_U0.3_p0.3,pm_bfs_U65,0.4183557734029935,
v3held,pm_bfs_U65__grid_U0.3_p0.5,pm_bfs_U65,0.41978571828400335,
v3held,pm_bfs_U65__grid_U0.3_p0.7,pm_bfs_U65,0.1560335865793987,
v3held,pm_bfs_U65__grid_U0.3_p0.9,pm_bfs_U65,0.09399625781969459,
v3held,pm_bfs_U65__grid_U0.3_p1.0,pm_bfs_U65,0.0879567042418683,
v3held,pm_bfs_U65__grid_U0.5_p0.3,pm_bfs_U65,0.0796980342832579,
v3held,pm_bfs_U65__grid_U0.5_p0.5,pm_bfs_U65,0.08039220376658626,
v3held,pm_bfs_U65__grid_U0.5_p0.7,pm_bfs_U65,0.06809305576712088,
v3held,pm_bfs_U65__grid_U0.5_p0.9,pm_bfs_U65,0.06355658997981704,
v3held,pm_bfs_U65__grid_U0.5_p1.0,pm_bfs_U65,0.06207028776214351,
v3held,pm_bfs_U65__grid_U0.7_p0.3,pm_bfs_U65,0.020467071536891788,
v3held,pm_bfs_U65__grid_U0.7_p0.5,pm_bfs_U65,0.01849267933445586,
v3held,pm_bfs_U65__grid_U0.7_p0.7,pm_bfs_U65,0.01720038222875526,
v3held,pm_bfs_U65__grid_U0.7_p0.9,pm_bfs_U65,0.04243177135133896,
v3held,pm_bfs_U65__grid_U0.7_p1.0,pm_bfs_U65,0.041054712851905414,
v3held,pm_bfs_U65__grid_U0.8_p0.3,pm_bfs_U65,0.020855814704704753,
v3held,pm_bfs_U65__grid_U0.8_p0.5,pm_bfs_U65,0.019668094257961295,
v3held,pm_bfs_U65__grid_U0.8_p0.7,pm_bfs_U65,0.019277151663970545,
v3held,pm_bfs_U65__grid_U0.8_p0.9,pm_bfs_U65,0.019200812257487126,
v3held,pm_bfs_U65__grid_U0.8_p1.0,pm_bfs_U65,0.01842870085997155,
v3held,pm_bfs_U65__grid_U0.95_p0.3,pm_bfs_U65,0.0030873042204278968,
v3held,pm_bfs_U65__grid_U0.95_p0.5,pm_bfs_U65,0.010245420940624018,
v3held,pm_bfs_U65__grid_U0.95_p0.7,pm_bfs_U65,0.00926110047717765,
v3held,pm_bfs_U65__grid_U0.95_p0.9,pm_bfs_U65,0.009959075662761498,
v3held,pm_bfs_U65__grid_U0.95_p1.0,pm_bfs_U65,0.007264323712493737,
v3held,pm_bfs_U65__grid_U0.98_p0.3,pm_bfs_U65,0.006655684971406136,
v3held,pm_bfs_U65__grid_U0.98_p0.5,pm_bfs_U65,0.009626881641480256,
v3held,pm_bfs_U65__grid_U0.98_p0.7,pm_bfs_U65,0.009419904710614675,
v3held,pm_bfs_U65__grid_U0.98_p0.9,pm_bfs_U65,0.00934391185067366,
v3held,pm_bfs_U65__grid_U0.98_p1.0,pm_bfs_U65,0.0033335414988229528,
v3held,pm_bfs_U65__grid_U0.9_p0.3,pm_bfs_U65,0.01279285474667172,
v3held,pm_bfs_U65__grid_U0.9_p0.5,pm_bfs_U65,0.011577106081351186,
v3held,pm_bfs_U65__grid_U0.9_p0.7,pm_bfs_U65,0.011586595891994225,
v3held,pm_bfs_U65__grid_U0.9_p0.9,pm_bfs_U65,0.011344917972340753,
v3held,pm_bfs_U65__grid_U0.9_p1.0,pm_bfs_U65,0.010985619841542907,
v3held,pm_bfs_U65__heur3,pm_bfs_U65,0.018630288616167896,
v3held,pm_bfs_U65__jev3_async_r0,pm_bfs_U65,0.02971898187004578,
v3held,pm_bfs_U65__jev3_async_r1,pm_bfs_U65,0.020081045463922215,
v3held,pm_bfs_U65__jev3_async_r2,pm_bfs_U65,0.023572830019228472,
v3held,pm_bfs_U65__jev3_i20,pm_bfs_U65,0.01660151379710305,
v3held,pm_bfs_U65__jev3_i5,pm_bfs_U65,0.02532187606623238,
v3held,pm_bfs_U65__jev3_low,pm_bfs_U65,0.025305244225131335,
v3held,pm_bfs_U65__jev3_pmb_i10,pm_bfs_U65,0.018994844894637063,
v3held,pm_bfs_U65__jev3_pmb_i100,pm_bfs_U65,0.031796759327957724,
v3held,pm_bfs_U65__jev3_r0,pm_bfs_U65,0.02074027022862518,
v3held,pm_bfs_U65__jev3_r1,pm_bfs_U65,0.02517604451842978,
v3held,pm_bfs_U65__jev3_r2,pm_bfs_U65,0.02517604451842978,
v4,pitzDaily_U20__default,pitzDaily_U20,0.003384684769027417,
v4,pitzDaily_U20__heur4,pitzDaily_U20,0.0029765582304263085,
v4,pitzDaily_U20__jev4_async_r0,pitzDaily_U20,0.0004525875344881738,
v4,pitzDaily_U20__jev4_async_r1,pitzDaily_U20,0.0005694588416629572,
v4,pitzDaily_U20__jev4_async_r2,pitzDaily_U20,0.00032157098291102387,
v4,pitzDaily_U20__jev4_r0,pitzDaily_U20,0.00021803697498785115,
v4,pitzDaily_U20__jev4_r1,pitzDaily_U20,0.00029950648042186933,
v4,pitzDaily_U20__jev4_r2,pitzDaily_U20,0.00021803697498785115,
v4,pitzDaily__default,pitzDaily,0.00372880384847303,0.0038004496546448054
v4,pitzDaily__heur4,pitzDaily,0.0028623186445786183,0.002957931192435565
v4,pitzDaily__jev4_async_r0,pitzDaily,0.0027545446820512473,0.002852510752597099
v4,pitzDaily__jev4_async_r1,pitzDaily,0.0001878690580882428,0.00043728575764581554
v4,pitzDaily__jev4_async_r2,pitzDaily,0.00025105471808151044,0.0004087031499704342
v4,pitzDaily__jev4_r0,pitzDaily,0.0002599563250592819,0.0004410831272251425
v4,pitzDaily__jev4_r1,pitzDaily,0.0002765043892210133,0.0004473569561523117
v4,pitzDaily__jev4_r2,pitzDaily,0.00026022815438671895,0.0004425345916318935
v4,pm_bfs_U25__default,pm_bfs_U25,0.23667887192551634,0.2362210044969008
v4,pm_bfs_U25__heur4,pm_bfs_U25,0.04050148015730838,0.040611971398714614
v4,pm_bfs_U25__jev4_async_r0,pm_bfs_U25,0.04454766477899978,0.04467555522411522
v4,pm_bfs_U25__jev4_async_r1,pm_bfs_U25,0.046799399118360355,0.04687098002967562
v4,pm_bfs_U25__jev4_async_r2,pm_bfs_U25,0.043502333543490375,0.04360297368956968
v4,pm_bfs_U25__jev4_pmb_i10,pm_bfs_U25,0.04097254807304619,0.04117314127272203
v4,pm_bfs_U25__jev4_pmb_i100,pm_bfs_U25,0.0466874915994582,0.04686795700753993
v4,pm_bfs_U25__jev4_r0,pm_bfs_U25,0.0456573016076946,0.04568077011824861
v4,pm_bfs_U25__jev4_r1,pm_bfs_U25,0.04565415204356718,0.045659364116389586
v4,pm_bfs_U25__jev4_r2,pm_bfs_U25,0.04456808871808893,0.044583231728991306
v4,pm_bfs_U35__default,pm_bfs_U35,0.07183913714971621,
v4,pm_bfs_U35__heur4,pm_bfs_U35,0.041280845821774055,
v4,pm_bfs_U35__jev4_async_r0,pm_bfs_U35,0.04407547108154445,
v4,pm_bfs_U35__jev4_async_r1,pm_bfs_U35,0.042137294455674025,
v4,pm_bfs_U35__jev4_async_r2,pm_bfs_U35,0.04488272239054526,
v4,pm_bfs_U35__jev4_pmb_i10,pm_bfs_U35,0.03443124231844265,
v4,pm_bfs_U35__jev4_pmb_i100,pm_bfs_U35,0.04436852177055902,
v4,pm_bfs_U35__jev4_r0,pm_bfs_U35,0.03617435943542915,
v4,pm_bfs_U35__jev4_r1,pm_bfs_U35,0.03587320105201001,
v4,pm_bfs_U35__jev4_r2,pm_bfs_U35,0.03683211633939408,
v4,pm_bfs_U44__default,pm_bfs_U44,0.06465482817999467,
v4,pm_bfs_U44__heur4,pm_bfs_U44,0.04070992186020774,
v4,pm_bfs_U44__jev4_async_r0,pm_bfs_U44,0.040432564491537676,
v4,pm_bfs_U44__jev4_async_r1,pm_bfs_U44,0.04470691225306933,
v4,pm_bfs_U44__jev4_async_r2,pm_bfs_U44,0.028252082554227738,
v4,pm_bfs_U44__jev4_pmb_i10,pm_bfs_U44,0.04320883413675541,
v4,pm_bfs_U44__jev4_pmb_i100,pm_bfs_U44,0.03610173906609821,
v4,pm_bfs_U44__jev4_r0,pm_bfs_U44,0.04016508301405423,
v4,pm_bfs_U44__jev4_r1,pm_bfs_U44,0.04174975231529201,
v4,pm_bfs_U44__jev4_r2,pm_bfs_U44,0.03909541579364869,
v4,pm_bfs_U50__default,pm_bfs_U50,0.07755302891481307,0.07697296530494462
v4,pm_bfs_U50__heur4,pm_bfs_U50,0.03900258781355383,0.03897787625594476
v4,pm_bfs_U50__jev4_async_r0,pm_bfs_U50,0.04261354041250158,0.04253832191452749
v4,pm_bfs_U50__jev4_async_r1,pm_bfs_U50,0.03867851452613547,0.03864180478333917
v4,pm_bfs_U50__jev4_async_r2,pm_bfs_U50,0.039041233652403445,0.03903348618211822
v4,pm_bfs_U50__jev4_pmb_i10,pm_bfs_U50,0.029256877228207082,0.028894330183340488
v4,pm_bfs_U50__jev4_pmb_i100,pm_bfs_U50,0.044928509895662765,0.044887747618990434
v4,pm_bfs_U50__jev4_r0,pm_bfs_U50,0.03527088169711778,0.03528205641462307
v4,pm_bfs_U50__jev4_r1,pm_bfs_U50,0.036927261479807384,0.03694617548896129
v4,pm_bfs_U50__jev4_r2,pm_bfs_U50,0.036927261479807384,0.03694617548896129
v4,pm_bfs_U65__default,pm_bfs_U65,0.08039220376658626,
v4,pm_bfs_U65__heur4,pm_bfs_U65,0.03328661089401424,
v4,pm_bfs_U65__jev4_async_r0,pm_bfs_U65,0.03605819507798027,
v4,pm_bfs_U65__jev4_async_r1,pm_bfs_U65,0.02795690240282069,
v4,pm_bfs_U65__jev4_async_r2,pm_bfs_U65,0.03656867996462716,
v4,pm_bfs_U65__jev4_pmb_i10,pm_bfs_U65,0.033566128076280066,
v4,pm_bfs_U65__jev4_pmb_i100,pm_bfs_U65,0.03226571163828375,
v4,pm_bfs_U65__jev4_r0,pm_bfs_U65,0.03128263580446323,
v4,pm_bfs_U65__jev4_r1,pm_bfs_U65,0.030729848212468047,
v4,pm_bfs_U65__jev4_r2,pm_bfs_U65,0.03525739569571799,
v4,pm_bfs_U75__default,pm_bfs_U75,0.08695069638740612,0.08685725522010453
v4,pm_bfs_U75__heur4,pm_bfs_U75,0.03110284460629931,0.031101313040692375
v4,pm_bfs_U75__jev4_async_r0,pm_bfs_U75,0.03305265517595872,0.03304840257509321
v4,pm_bfs_U75__jev4_async_r1,pm_bfs_U75,0.034952383771299875,0.03494385537888819
v4,pm_bfs_U75__jev4_async_r2,pm_bfs_U75,0.03125851300419094,0.031252377405088995
v4,pm_bfs_U75__jev4_pmb_i10,pm_bfs_U75,0.03112378031907204,0.031123483228925275
v4,pm_bfs_U75__jev4_pmb_i100,pm_bfs_U75,0.029066059181162347,0.02904949486908512
v4,pm_bfs_U75__jev4_r0,pm_bfs_U75,0.029444974247045282,0.029445218954766116
v4,pm_bfs_U75__jev4_r1,pm_bfs_U75,0.03158104537418173,0.03157812756284796
v4,pm_bfs_U75__jev4_r2,pm_bfs_U75,0.03145088617214257,0.031448720748411936
v4held2,pitzDaily_U15__default,pitzDaily_U15,0.0034961490159135513,
v4held2,pitzDaily_U15__grid_U0.3_p0.3,pitzDaily_U15,0.02418442006633652,
v4held2,pitzDaily_U15__grid_U0.3_p0.5,pitzDaily_U15,0.023930182718091945,
v4held2,pitzDaily_U15__grid_U0.3_p0.7,pitzDaily_U15,0.023610382991131985,
v4held2,pitzDaily_U15__grid_U0.3_p0.9,pitzDaily_U15,0.023183442176278893,
v4held2,pitzDaily_U15__grid_U0.3_p1.0,pitzDaily_U15,0.02288017677604792,
v4held2,pitzDaily_U15__grid_U0.5_p0.3,pitzDaily_U15,0.016962388179577337,
v4held2,pitzDaily_U15__grid_U0.5_p0.5,pitzDaily_U15,0.01655554903001134,
v4held2,pitzDaily_U15__grid_U0.5_p0.7,pitzDaily_U15,0.015817561416165155,
v4held2,pitzDaily_U15__grid_U0.5_p0.9,pitzDaily_U15,0.014868733526418437,
v4held2,pitzDaily_U15__grid_U0.5_p1.0,pitzDaily_U15,0.01426919101926387,
v4held2,pitzDaily_U15__grid_U0.7_p0.3,pitzDaily_U15,0.006468394180626429,
v4held2,pitzDaily_U15__grid_U0.7_p0.5,pitzDaily_U15,0.006850477599671564,
v4held2,pitzDaily_U15__grid_U0.7_p0.7,pitzDaily_U15,0.007307292974538935,
v4held2,pitzDaily_U15__grid_U0.7_p0.9,pitzDaily_U15,0.007976813855895257,
v4held2,pitzDaily_U15__grid_U0.7_p1.0,pitzDaily_U15,0.008196266033015476,
v4held2,pitzDaily_U15__grid_U0.8_p0.3,pitzDaily_U15,0.004142753933339973,
v4held2,pitzDaily_U15__grid_U0.8_p0.5,pitzDaily_U15,0.004645300752307905,
v4held2,pitzDaily_U15__grid_U0.8_p0.7,pitzDaily_U15,0.0050699688423714575,
v4held2,pitzDaily_U15__grid_U0.8_p0.9,pitzDaily_U15,0.005291180611263219,
v4held2,pitzDaily_U15__grid_U0.8_p1.0,pitzDaily_U15,0.00533503706844471,
v4held2,pitzDaily_U15__grid_U0.95_p0.3,pitzDaily_U15,0.00040478303208506516,
v4held2,pitzDaily_U15__grid_U0.95_p0.5,pitzDaily_U15,0.0008324909799489667,
v4held2,pitzDaily_U15__grid_U0.95_p0.7,pitzDaily_U15,0.0019985411293145876,
v4held2,pitzDaily_U15__grid_U0.95_p0.9,pitzDaily_U15,0.00229511391890931,
v4held2,pitzDaily_U15__grid_U0.95_p1.0,pitzDaily_U15,0.0022657018974825915,
v4held2,pitzDaily_U15__grid_U0.98_p0.3,pitzDaily_U15,0.0029327599321273884,
v4held2,pitzDaily_U15__grid_U0.98_p0.5,pitzDaily_U15,0.006119285680999167,
v4held2,pitzDaily_U15__grid_U0.98_p0.7,pitzDaily_U15,0.006253897439817378,
v4held2,pitzDaily_U15__grid_U0.98_p0.9,pitzDaily_U15,0.0011769372349873825,
v4held2,pitzDaily_U15__grid_U0.98_p1.0,pitzDaily_U15,0.0014677024406133956,
v4held2,pitzDaily_U15__grid_U0.9_p0.3,pitzDaily_U15,0.00154839368936888,
v4held2,pitzDaily_U15__grid_U0.9_p0.5,pitzDaily_U15,0.003462079979893816,
v4held2,pitzDaily_U15__grid_U0.9_p0.7,pitzDaily_U15,0.003439074149148303,
v4held2,pitzDaily_U15__grid_U0.9_p0.9,pitzDaily_U15,0.003488430995993908,
v4held2,pitzDaily_U15__grid_U0.9_p1.0,pitzDaily_U15,0.0034961490159135513,
v4held2,pitzDaily_U15__heur4,pitzDaily_U15,0.0002920396361119692,
v4held2,pitzDaily_U15__jev4_async_r0,pitzDaily_U15,0.00034988037995427513,
v4held2,pitzDaily_U15__jev4_async_r1,pitzDaily_U15,0.00037575985695549553,
v4held2,pitzDaily_U15__jev4_async_r2,pitzDaily_U15,0.0003169412870713221,
v4held2,pitzDaily_U15__jev4_r0,pitzDaily_U15,0.0003302835665870395,
v4held2,pitzDaily_U15__jev4_r1,pitzDaily_U15,0.0004967630884272748,
v4held2,pitzDaily_U15__jev4_r2,pitzDaily_U15,0.0002866913124674552,
v4held2,pm_bfs_U30__default,pm_bfs_U30,0.23710568054310135,
v4held2,pm_bfs_U30__grid_U0.3_p0.3,pm_bfs_U30,0.11555979146712904,
v4held2,pm_bfs_U30__grid_U0.3_p0.5,pm_bfs_U30,0.11121195590615823,
v4held2,pm_bfs_U30__grid_U0.3_p0.7,pm_bfs_U30,0.11936550662377492,
v4held2,pm_bfs_U30__grid_U0.3_p0.9,pm_bfs_U30,0.0986313503134787,
v4held2,pm_bfs_U30__grid_U0.3_p1.0,pm_bfs_U30,0.08871001307452701,
v4held2,pm_bfs_U30__grid_U0.5_p0.3,pm_bfs_U30,0.23336087604022707,
v4held2,pm_bfs_U30__grid_U0.5_p0.5,pm_bfs_U30,0.23710568054310135,
v4held2,pm_bfs_U30__grid_U0.5_p0.7,pm_bfs_U30,0.2309095076162277,
v4held2,pm_bfs_U30__grid_U0.5_p0.9,pm_bfs_U30,0.07423791748383324,
v4held2,pm_bfs_U30__grid_U0.5_p1.0,pm_bfs_U30,0.06837129583559816,
v4held2,pm_bfs_U30__grid_U0.7_p0.3,pm_bfs_U30,0.03882349053542667,
v4held2,pm_bfs_U30__grid_U0.7_p0.5,pm_bfs_U30,0.04887807442090185,
v4held2,pm_bfs_U30__grid_U0.7_p0.7,pm_bfs_U30,0.17049455207768494,
v4held2,pm_bfs_U30__grid_U0.7_p0.9,pm_bfs_U30,0.05068347858564329,
v4held2,pm_bfs_U30__grid_U0.7_p1.0,pm_bfs_U30,0.04985331243298054,
v4held2,pm_bfs_U30__grid_U0.8_p0.3,pm_bfs_U30,0.020430769910996505,
v4held2,pm_bfs_U30__grid_U0.8_p0.5,pm_bfs_U30,0.020052755358310463,
v4held2,pm_bfs_U30__grid_U0.8_p0.7,pm_bfs_U30,0.01934344615702293,
v4held2,pm_bfs_U30__grid_U0.8_p0.9,pm_bfs_U30,0.019227737673972112,
v4held2,pm_bfs_U30__grid_U0.8_p1.0,pm_bfs_U30,0.018811453334560288,
v4held2,pm_bfs_U30__grid_U0.95_p0.3,pm_bfs_U30,0.010417752018211561,
v4held2,pm_bfs_U30__grid_U0.95_p0.5,pm_bfs_U30,0.00836848990547294,
v4held2,pm_bfs_U30__grid_U0.95_p0.7,pm_bfs_U30,0.011102360555837876,
v4held2,pm_bfs_U30__grid_U0.95_p0.9,pm_bfs_U30,0.01336745112856195,
v4held2,pm_bfs_U30__grid_U0.95_p1.0,pm_bfs_U30,0.008048383241878336,
v4held2,pm_bfs_U30__grid_U0.98_p0.3,pm_bfs_U30,0.008679708902897721,
v4held2,pm_bfs_U30__grid_U0.98_p0.5,pm_bfs_U30,0.01029361803263359,
v4held2,pm_bfs_U30__grid_U0.98_p0.7,pm_bfs_U30,0.01126729871974807,
v4held2,pm_bfs_U30__grid_U0.98_p0.9,pm_bfs_U30,0.013103952846249847,
v4held2,pm_bfs_U30__grid_U0.98_p1.0,pm_bfs_U30,0.014397722072684062,
v4held2,pm_bfs_U30__grid_U0.9_p0.3,pm_bfs_U30,0.013635229671988398,
v4held2,pm_bfs_U30__grid_U0.9_p0.5,pm_bfs_U30,0.015186106559709018,
v4held2,pm_bfs_U30__grid_U0.9_p0.7,pm_bfs_U30,0.015580399558186929,
v4held2,pm_bfs_U30__grid_U0.9_p0.9,pm_bfs_U30,0.016572380384334052,
v4held2,pm_bfs_U30__grid_U0.9_p1.0,pm_bfs_U30,0.012104914758764929,
v4held2,pm_bfs_U30__heur4,pm_bfs_U30,0.04737214409162491,
v4held2,pm_bfs_U30__jev4_async_r0,pm_bfs_U30,0.04442937133846004,
v4held2,pm_bfs_U30__jev4_async_r1,pm_bfs_U30,0.04723819599538802,
v4held2,pm_bfs_U30__jev4_async_r2,pm_bfs_U30,0.045091545507914374,
v4held2,pm_bfs_U30__jev4_pmb_i10,pm_bfs_U30,0.040978756742907796,
v4held2,pm_bfs_U30__jev4_pmb_i100,pm_bfs_U30,0.04519955406650689,
v4held2,pm_bfs_U30__jev4_r0,pm_bfs_U30,0.039870992885469796,
v4held2,pm_bfs_U30__jev4_r1,pm_bfs_U30,0.039870992885469796,
v4held2,pm_bfs_U30__jev4_r2,pm_bfs_U30,0.04544823959757281,
v4held2,pm_bfs_U55__default,pm_bfs_U55,0.06822994458706523,
v4held2,pm_bfs_U55__grid_U0.3_p0.3,pm_bfs_U55,0.39890897873197506,
v4held2,pm_bfs_U55__grid_U0.3_p0.5,pm_bfs_U55,0.4028169717470496,
v4held2,pm_bfs_U55__grid_U0.3_p0.7,pm_bfs_U55,0.1087235456499338,
v4held2,pm_bfs_U55__grid_U0.3_p0.9,pm_bfs_U55,0.09453662327930266,
v4held2,pm_bfs_U55__grid_U0.3_p1.0,pm_bfs_U55,0.08751051414370695,
v4held2,pm_bfs_U55__grid_U0.5_p0.3,pm_bfs_U55,0.05257622752544808,
v4held2,pm_bfs_U55__grid_U0.5_p0.5,pm_bfs_U55,0.06822994458706523,
v4held2,pm_bfs_U55__grid_U0.5_p0.7,pm_bfs_U55,0.0695343609343429,
v4held2,pm_bfs_U55__grid_U0.5_p0.9,pm_bfs_U55,0.06366156850309808,
v4held2,pm_bfs_U55__grid_U0.5_p1.0,pm_bfs_U55,0.06389500814263288,
v4held2,pm_bfs_U55__grid_U0.7_p0.3,pm_bfs_U55,0.01990523415625208,
v4held2,pm_bfs_U55__grid_U0.7_p0.5,pm_bfs_U55,0.018407492342968963,
v4held2,pm_bfs_U55__grid_U0.7_p0.7,pm_bfs_U55,0.017149718951700556,
v4held2,pm_bfs_U55__grid_U0.7_p0.9,pm_bfs_U55,0.04630479072422194,
v4held2,pm_bfs_U55__grid_U0.7_p1.0,pm_bfs_U55,0.04200850543952064,
v4held2,pm_bfs_U55__grid_U0.8_p0.3,pm_bfs_U55,0.02093890987813349,
v4held2,pm_bfs_U55__grid_U0.8_p0.5,pm_bfs_U55,0.01969134848801412,
v4held2,pm_bfs_U55__grid_U0.8_p0.7,pm_bfs_U55,0.019435383857207656,
v4held2,pm_bfs_U55__grid_U0.8_p0.9,pm_bfs_U55,0.019108376173912724,
v4held2,pm_bfs_U55__grid_U0.8_p1.0,pm_bfs_U55,0.01859168417288445,
v4held2,pm_bfs_U55__grid_U0.95_p0.3,pm_bfs_U55,0.003532007370278706,
v4held2,pm_bfs_U55__grid_U0.95_p0.5,pm_bfs_U55,0.008337427223714874,
v4held2,pm_bfs_U55__grid_U0.95_p0.7,pm_bfs_U55,0.00889252549955234,
v4held2,pm_bfs_U55__grid_U0.95_p0.9,pm_bfs_U55,0.011181163099383457,
v4held2,pm_bfs_U55__grid_U0.95_p1.0,pm_bfs_U55,0.006035844494202267,
v4held2,pm_bfs_U55__grid_U0.98_p0.3,pm_bfs_U55,0.009352968232165993,
v4held2,pm_bfs_U55__grid_U0.98_p0.5,pm_bfs_U55,0.009563857119825702,
v4held2,pm_bfs_U55__grid_U0.98_p0.7,pm_bfs_U55,0.009826392809870198,
v4held2,pm_bfs_U55__grid_U0.98_p0.9,pm_bfs_U55,0.00964886761253881,
v4held2,pm_bfs_U55__grid_U0.98_p1.0,pm_bfs_U55,0.006783084756088968,
v4held2,pm_bfs_U55__grid_U0.9_p0.3,pm_bfs_U55,0.013521333244057177,
v4held2,pm_bfs_U55__grid_U0.9_p0.5,pm_bfs_U55,0.011177658096562413,
v4held2,pm_bfs_U55__grid_U0.9_p0.7,pm_bfs_U55,0.010787392145142178,
v4held2,pm_bfs_U55__grid_U0.9_p0.9,pm_bfs_U55,0.011223325236650962,
v4held2,pm_bfs_U55__grid_U0.9_p1.0,pm_bfs_U55,0.011096847122751295,
v4held2,pm_bfs_U55__heur4,pm_bfs_U55,0.037350800855046676,
v4held2,pm_bfs_U55__jev4_async_r0,pm_bfs_U55,0.03821792668110629,
v4held2,pm_bfs_U55__jev4_async_r1,pm_bfs_U55,0.03712750520097656,
v4held2,pm_bfs_U55__jev4_async_r2,pm_bfs_U55,0.03450484566695058,
v4held2,pm_bfs_U55__jev4_pmb_i10,pm_bfs_U55,0.03178112605754949,
v4held2,pm_bfs_U55__jev4_pmb_i100,pm_bfs_U55,0.04156483854135324,
v4held2,pm_bfs_U55__jev4_r0,pm_bfs_U55,0.03598548610386902,
v4held2,pm_bfs_U55__jev4_r1,pm_bfs_U55,0.036128399976011256,
v4held2,pm_bfs_U55__jev4_r2,pm_bfs_U55,0.036128399976011256,
v4held2,pm_bfs_U70__default,pm_bfs_U70,0.0769678540090512,
v4held2,pm_bfs_U70__grid_U0.3_p0.3,pm_bfs_U70,0.42543752855357375,
v4held2,pm_bfs_U70__grid_U0.3_p0.5,pm_bfs_U70,0.4300523691594534,
v4held2,pm_bfs_U70__grid_U0.3_p0.7,pm_bfs_U70,0.16479959808726652,
v4held2,pm_bfs_U70__grid_U0.3_p0.9,pm_bfs_U70,0.0942201709767729,
v4held2,pm_bfs_U70__grid_U0.3_p1.0,pm_bfs_U70,0.0876767333194611,
v4held2,pm_bfs_U70__grid_U0.5_p0.3,pm_bfs_U70,0.061029401447273035,
v4held2,pm_bfs_U70__grid_U0.5_p0.5,pm_bfs_U70,0.0769678540090512,
v4held2,pm_bfs_U70__grid_U0.5_p0.7,pm_bfs_U70,0.07764444805275059,
v4held2,pm_bfs_U70__grid_U0.5_p0.9,pm_bfs_U70,0.0631309417252805,
v4held2,pm_bfs_U70__grid_U0.5_p1.0,pm_bfs_U70,0.060938615898156974,
v4held2,pm_bfs_U70__grid_U0.7_p0.3,pm_bfs_U70,0.02013324283765881,
v4held2,pm_bfs_U70__grid_U0.7_p0.5,pm_bfs_U70,0.0186946922785292,
v4held2,pm_bfs_U70__grid_U0.7_p0.7,pm_bfs_U70,0.01700492500231085,
v4held2,pm_bfs_U70__grid_U0.7_p0.9,pm_bfs_U70,0.04148473913450634,
v4held2,pm_bfs_U70__grid_U0.7_p1.0,pm_bfs_U70,0.040280573828955814,
v4held2,pm_bfs_U70__grid_U0.8_p0.3,pm_bfs_U70,0.021343699268090956,
v4held2,pm_bfs_U70__grid_U0.8_p0.5,pm_bfs_U70,0.018830306785405444,
v4held2,pm_bfs_U70__grid_U0.8_p0.7,pm_bfs_U70,0.019055250083918125,
v4held2,pm_bfs_U70__grid_U0.8_p0.9,pm_bfs_U70,0.01872082760577462,
v4held2,pm_bfs_U70__grid_U0.8_p1.0,pm_bfs_U70,0.0184969943048368,
v4held2,pm_bfs_U70__grid_U0.95_p0.3,pm_bfs_U70,0.0025228726427839396,
v4held2,pm_bfs_U70__grid_U0.95_p0.5,pm_bfs_U70,0.009444164533239404,
v4held2,pm_bfs_U70__grid_U0.95_p0.7,pm_bfs_U70,0.00991776897956321,
v4held2,pm_bfs_U70__grid_U0.95_p0.9,pm_bfs_U70,0.00891932404264318,
v4held2,pm_bfs_U70__grid_U0.95_p1.0,pm_bfs_U70,0.006208350980038091,
v4held2,pm_bfs_U70__grid_U0.98_p0.3,pm_bfs_U70,0.008657366995609274,
v4held2,pm_bfs_U70__grid_U0.98_p0.5,pm_bfs_U70,0.01000747396020218,
v4held2,pm_bfs_U70__grid_U0.98_p0.7,pm_bfs_U70,0.008844350893125267,
v4held2,pm_bfs_U70__grid_U0.98_p0.9,pm_bfs_U70,0.008357863141679588,
v4held2,pm_bfs_U70__grid_U0.98_p1.0,pm_bfs_U70,0.003568472565015527,
v4held2,pm_bfs_U70__grid_U0.9_p0.3,pm_bfs_U70,0.011622325821911918,
v4held2,pm_bfs_U70__grid_U0.9_p0.5,pm_bfs_U70,0.012655544350034199,
v4held2,pm_bfs_U70__grid_U0.9_p0.7,pm_bfs_U70,0.01111407069301898,
v4held2,pm_bfs_U70__grid_U0.9_p0.9,pm_bfs_U70,0.011006450700089097,
v4held2,pm_bfs_U70__grid_U0.9_p1.0,pm_bfs_U70,0.01092649502341741,
v4held2,pm_bfs_U70__heur4,pm_bfs_U70,0.03289420325307139,
v4held2,pm_bfs_U70__jev4_async_r0,pm_bfs_U70,0.03715112374974722,
v4held2,pm_bfs_U70__jev4_async_r1,pm_bfs_U70,0.03582932636368236,
v4held2,pm_bfs_U70__jev4_async_r2,pm_bfs_U70,0.030185565768598804,
v4held2,pm_bfs_U70__jev4_pmb_i10,pm_bfs_U70,0.033180344014103184,
v4held2,pm_bfs_U70__jev4_pmb_i100,pm_bfs_U70,0.030433163494295267,
v4held2,pm_bfs_U70__jev4_r0,pm_bfs_U70,0.030626726286094186,
v4held2,pm_bfs_U70__jev4_r1,pm_bfs_U70,0.03226587784281796,
v4held2,pm_bfs_U70__jev4_r2,pm_bfs_U70,0.029923716939336476,
v4a,pitzDaily_U20__default,pitzDaily_U20,0.003384684769027417,
v4a,pitzDaily_U20__jev4_async_r0,pitzDaily_U20,0.0003807426226405493,
v4a,pitzDaily_U20__jev4_async_r1,pitzDaily_U20,0.0004108709994615501,
v4a,pitzDaily_U20__jev4_async_r2,pitzDaily_U20,0.0003412255684981192,
v4a,pitzDaily_U20__jev4ack_async_r0,pitzDaily_U20,0.0003475234252723205,
v4a,pitzDaily_U20__jev4ack_async_r1,pitzDaily_U20,0.0008003779549304318,
v4a,pitzDaily_U20__jev4ack_async_r2,pitzDaily_U20,0.00033206262473375447,
v4a,pitzDaily__default,pitzDaily,0.00372880384847303,0.0038004496546448054
v4a,pitzDaily__jev4_async_r0,pitzDaily,0.0003021454894615957,0.00044765286050546765
v4a,pitzDaily__jev4_async_r1,pitzDaily,0.0002554855510068168,0.00042854046917540744
v4a,pitzDaily__jev4_async_r2,pitzDaily,0.00028067878538224315,0.0004481799806061705
v4a,pitzDaily__jev4ack_async_r0,pitzDaily,0.0003551135919993218,0.0005464307532845013
v4a,pitzDaily__jev4ack_async_r1,pitzDaily,0.0002495016802140119,0.0004240367012794092
v4a,pitzDaily__jev4ack_async_r2,pitzDaily,0.0002894354414256349,0.0004497403653435081
v4a,pm_bfs_U25__default,pm_bfs_U25,0.23667887192551634,0.2362210044969008
v4a,pm_bfs_U25__jev4_async_r0,pm_bfs_U25,0.044343737645059694,0.0444538235049925
v4a,pm_bfs_U25__jev4_async_r1,pm_bfs_U25,0.04642791566962228,0.04643931755904614
v4a,pm_bfs_U25__jev4_async_r2,pm_bfs_U25,0.0470226872988848,0.04705522693906006
v4a,pm_bfs_U25__jev4ack_async_r0,pm_bfs_U25,0.045515186162121225,0.04553961129631997
v4a,pm_bfs_U25__jev4ack_async_r1,pm_bfs_U25,0.042364474015165125,0.042142732978496626
v4a,pm_bfs_U25__jev4ack_async_r2,pm_bfs_U25,0.04541885539957155,0.04548574270366236
v4a,pm_bfs_U35__default,pm_bfs_U35,0.07183913714971621,
v4a,pm_bfs_U35__jev4_async_r0,pm_bfs_U35,0.04324301322967096,
v4a,pm_bfs_U35__jev4_async_r1,pm_bfs_U35,0.04213292878144784,
v4a,pm_bfs_U35__jev4_async_r2,pm_bfs_U35,0.04786817209177086,
v4a,pm_bfs_U35__jev4ack_async_r0,pm_bfs_U35,0.043722985197336285,
v4a,pm_bfs_U35__jev4ack_async_r1,pm_bfs_U35,0.037490196623286016,
v4a,pm_bfs_U35__jev4ack_async_r2,pm_bfs_U35,0.043911460799713045,
v4a,pm_bfs_U44__default,pm_bfs_U44,0.06465482817999467,
v4a,pm_bfs_U44__jev4_async_r0,pm_bfs_U44,0.046092048637820085,
v4a,pm_bfs_U44__jev4_async_r1,pm_bfs_U44,0.041536072614713176,
v4a,pm_bfs_U44__jev4_async_r2,pm_bfs_U44,0.04526049612256825,
v4a,pm_bfs_U44__jev4ack_async_r0,pm_bfs_U44,0.04208553068981323,
v4a,pm_bfs_U44__jev4ack_async_r1,pm_bfs_U44,0.03497304373496553,
v4a,pm_bfs_U44__jev4ack_async_r2,pm_bfs_U44,0.03909005075071915,
v4a,pm_bfs_U50__default,pm_bfs_U50,0.07755302891481307,0.07697296530494462
v4a,pm_bfs_U50__jev4_async_r0,pm_bfs_U50,0.040180279601867215,0.04017670954454482
v4a,pm_bfs_U50__jev4_async_r1,pm_bfs_U50,0.03428816472974613,0.03435488418688255
v4a,pm_bfs_U50__jev4_async_r2,pm_bfs_U50,0.03360794791621243,0.03369361238016441
v4a,pm_bfs_U50__jev4ack_async_r0,pm_bfs_U50,0.04081458434711474,0.040784003435794705
v4a,pm_bfs_U50__jev4ack_async_r1,pm_bfs_U50,0.04206219276880189,0.041976746828395015
v4a,pm_bfs_U50__jev4ack_async_r2,pm_bfs_U50,0.037633181786436036,0.037652189217512615
v4a,pm_bfs_U65__default,pm_bfs_U65,0.08039220376658626,
v4a,pm_bfs_U65__jev4_async_r0,pm_bfs_U65,0.03032395380079094,
v4a,pm_bfs_U65__jev4_async_r1,pm_bfs_U65,0.03730334955552668,
v4a,pm_bfs_U65__jev4_async_r2,pm_bfs_U65,0.033996549150002504,
v4a,pm_bfs_U65__jev4ack_async_r0,pm_bfs_U65,0.03442674311801789,
v4a,pm_bfs_U65__jev4ack_async_r1,pm_bfs_U65,0.031027603047684087,
v4a,pm_bfs_U65__jev4ack_async_r2,pm_bfs_U65,0.03403597900857533,
v4a,pm_bfs_U75__default,pm_bfs_U75,0.08695069638740612,0.08685725522010453
v4a,pm_bfs_U75__jev4_async_r0,pm_bfs_U75,0.029124626122277748,0.029120566284064484
v4a,pm_bfs_U75__jev4_async_r1,pm_bfs_U75,0.03206071148093178,0.0320564712893035
v4a,pm_bfs_U75__jev4_async_r2,pm_bfs_U75,0.03492365314399543,0.03491449751245173
v4a,pm_bfs_U75__jev4ack_async_r0,pm_bfs_U75,0.03281155164686569,0.03280826554043529
v4a,pm_bfs_U75__jev4ack_async_r1,pm_bfs_U75,0.03213841207677309,0.03214704739386217
v4a,pm_bfs_U75__jev4ack_async_r2,pm_bfs_U75,0.03130475864786779,0.031301341620048884
v4aheld2,pitzDaily_U15__default,pitzDaily_U15,0.0034961490159135513,
v4aheld2,pitzDaily_U15__jev4_async_r0,pitzDaily_U15,0.0004052301525573139,
v4aheld2,pitzDaily_U15__jev4_async_r1,pitzDaily_U15,0.0009572672795306684,
v4aheld2,pitzDaily_U15__jev4_async_r2,pitzDaily_U15,0.0004596033107187314,
v4aheld2,pitzDaily_U15__jev4ack_async_r0,pitzDaily_U15,0.00026728366258875393,
v4aheld2,pitzDaily_U15__jev4ack_async_r1,pitzDaily_U15,0.0003138886723430754,
v4aheld2,pitzDaily_U15__jev4ack_async_r2,pitzDaily_U15,0.0003653436004758943,
v4aheld2,pm_bfs_U30__default,pm_bfs_U30,0.23710568054310135,
v4aheld2,pm_bfs_U30__jev4_async_r0,pm_bfs_U30,0.03977442642360022,
v4aheld2,pm_bfs_U30__jev4_async_r1,pm_bfs_U30,0.03634642840574577,
v4aheld2,pm_bfs_U30__jev4_async_r2,pm_bfs_U30,0.0408877827870924,
v4aheld2,pm_bfs_U30__jev4ack_async_r0,pm_bfs_U30,0.04492238068320893,
v4aheld2,pm_bfs_U30__jev4ack_async_r1,pm_bfs_U30,0.04418751208927749,
v4aheld2,pm_bfs_U30__jev4ack_async_r2,pm_bfs_U30,0.0434702724447822,
v4aheld2,pm_bfs_U55__default,pm_bfs_U55,0.06822994458706523,
v4aheld2,pm_bfs_U55__jev4_async_r0,pm_bfs_U55,0.034168792682589336,
v4aheld2,pm_bfs_U55__jev4_async_r1,pm_bfs_U55,0.04021417580449089,
v4aheld2,pm_bfs_U55__jev4_async_r2,pm_bfs_U55,0.03543291458645483,
v4aheld2,pm_bfs_U55__jev4ack_async_r0,pm_bfs_U55,0.04016847921767124,
v4aheld2,pm_bfs_U55__jev4ack_async_r1,pm_bfs_U55,0.0352683796181752,
v4aheld2,pm_bfs_U55__jev4ack_async_r2,pm_bfs_U55,0.038064085632450194,
v4aheld2,pm_bfs_U70__default,pm_bfs_U70,0.0769678540090512,
v4aheld2,pm_bfs_U70__jev4_async_r0,pm_bfs_U70,0.036850990262069845,
v4aheld2,pm_bfs_U70__jev4_async_r1,pm_bfs_U70,0.03452093339530463,
v4aheld2,pm_bfs_U70__jev4_async_r2,pm_bfs_U70,0.03559321623056222,
v4aheld2,pm_bfs_U70__jev4ack_async_r0,pm_bfs_U70,0.03443287353231063,
v4aheld2,pm_bfs_U70__jev4ack_async_r1,pm_bfs_U70,0.03487332860883902,
v4aheld2,pm_bfs_U70__jev4ack_async_r2,pm_bfs_U70,0.02725767316506223,
ref,pitzDaily_U15__ref,pitzDaily_U15,0.00011632295270266887,
ref,pitzDaily_U20__ref,pitzDaily_U20,0.0001064933185713651,
ref,pitzDaily__ref,pitzDaily,0.00011162000502569822,0.00022019762397845164
ref,pm_bfs_U25__ref,pm_bfs_U25,0.2369771206075058,0.23651618731427723
ref,pm_bfs_U30__ref,pm_bfs_U30,0.2269661751062531,
ref,pm_bfs_U35__ref,pm_bfs_U35,0.012950670313957992,
ref,pm_bfs_U44__ref,pm_bfs_U44,0.014043370001225736,
ref,pm_bfs_U50__ref,pm_bfs_U50,0.014267589388845743,0.015002333394667514
ref,pm_bfs_U55__ref,pm_bfs_U55,0.014572866652946331,
ref,pm_bfs_U65__ref,pm_bfs_U65,0.014820721168003969,
ref,pm_bfs_U70__ref,pm_bfs_U70,0.01492220713920529,
ref,pm_bfs_U75__ref,pm_bfs_U75,0.015210277542127575,0.015001717393181825
ref2,pitzDaily_U15__ref2,pitzDaily_U15,0.0,
ref2,pitzDaily_U20__ref2,pitzDaily_U20,0.0,
ref2,pitzDaily__ref2,pitzDaily,0.0,0.0003245947310333704
ref2,pitzDaily__ref2b,pitzDaily,0.0003246019699621295,0.0
ref2,pm_bfs_U25__ref2,pm_bfs_U25,0.0,0.003989440487939691
ref2,pm_bfs_U25__ref2b,pm_bfs_U25,0.003989748097742303,0.0
ref2,pm_bfs_U30__ref2,pm_bfs_U30,0.0,
ref2,pm_bfs_U35__ref2,pm_bfs_U35,0.0,
ref2,pm_bfs_U44__ref2,pm_bfs_U44,0.0,
ref2,pm_bfs_U50__ref2,pm_bfs_U50,0.0,0.00291334729014708
ref2,pm_bfs_U50__ref2b,pm_bfs_U50,0.00291352643382198,0.0
ref2,pm_bfs_U55__ref2,pm_bfs_U55,0.0,
ref2,pm_bfs_U65__ref2,pm_bfs_U65,0.0,
ref2,pm_bfs_U70__ref2,pm_bfs_U70,0.0,
ref2,pm_bfs_U75__ref2,pm_bfs_U75,0.0,0.0009860896787730953
ref2,pm_bfs_U75__ref2b,pm_bfs_U75,0.0009861004718006794,0.0
