step,time,n_outer,class,aU,ap
1,0.1,29,ok,0.7,0.3
2,0.2,27,ok,0.7,0.3
3,0.3,26,ok,0.7,0.3
4,0.4,25,ok,0.7,0.3
5,0.5,25,ok,0.7,0.3
6,0.6,26,ok,0.7,0.3
7,0.7,26,ok,0.7,0.3
8,0.8,26,ok,0.7,0.3
9,0.9,26,ok,0.7,0.3
10,1,26,ok,0.7,0.3
11,1.1,24,ok,0.8235,0.3
12,1.2,24,ok,0.8235,0.3
13,1.3,24,ok,0.8235,0.3
14,1.4,24,ok,0.8235,0.3
15,1.5,24,ok,0.8235,0.3
16,1.6,24,ok,0.8235,0.3
17,1.7,24,ok,0.8235,0.3
18,1.8,24,ok,0.8235,0.3
19,1.9,24,ok,0.8235,0.3
20,2,23,ok,0.8235,0.3
21,2.1,22,ok,0.9032,0.3
22,2.2,21,ok,0.9032,0.3
23,2.3,21,ok,0.9032,0.3
24,2.4,21,ok,0.9032,0.3
25,2.5,21,ok,0.9032,0.3
26,2.6,21,ok,0.9032,0.3
27,2.7,21,ok,0.9032,0.3
28,2.8,21,ok,0.9032,0.3
29,2.9,21,ok,0.9032,0.3
30,3,21,ok,0.9032,0.3
31,3.1,20,ok,0.918,0.3
32,3.2,20,ok,0.918,0.3
33,3.3,20,ok,0.918,0.3
34,3.4,20,ok,0.918,0.3
35,3.5,20,ok,0.918,0.3
36,3.6,20,ok,0.918,0.3
37,3.7,20,ok,0.918,0.3
38,3.8,20,ok,0.918,0.3
39,3.9,20,ok,0.918,0.3
40,4,20,ok,0.918,0.3
41,4.1,21,ok,0.9032,0.3
42,4.2,21,ok,0.9032,0.3
43,4.3,21,ok,0.9032,0.3
44,4.4,21,ok,0.9032,0.3
45,4.5,21,ok,0.9032,0.3
46,4.6,21,ok,0.9032,0.3
47,4.7,21,ok,0.9032,0.3
48,4.8,21,ok,0.9032,0.3
49,4.9,21,ok,0.9032,0.3
50,5,21,ok,0.9032,0.3
51,5.1,19,ok,0.9032,0.3396
52,5.2,19,ok,0.9032,0.3396
53,5.3,19,ok,0.9032,0.3396
54,5.4,19,ok,0.9032,0.3396
55,5.5,19,ok,0.9032,0.3396
56,5.6,19,ok,0.9032,0.3396
57,5.7,19,ok,0.9032,0.3396
58,5.8,19,ok,0.9032,0.3396
59,5.9,19,ok,0.9032,0.3396
60,6,19,ok,0.9032,0.3396
61,6.1,17,ok,0.9032,0.3816
62,6.2,17,ok,0.9032,0.3816
63,6.3,17,ok,0.9032,0.3816
64,6.4,17,ok,0.9032,0.3816
65,6.5,17,ok,0.9032,0.3816
66,6.6,17,ok,0.9032,0.3816
67,6.7,17,ok,0.9032,0.3816
68,6.8,17,ok,0.9032,0.3816
69,6.9,17,ok,0.9032,0.3816
70,7,17,ok,0.9032,0.3816
71,7.1,15,ok,0.9032,0.4254
72,7.2,15,ok,0.9032,0.4254
73,7.3,15,ok,0.9032,0.4254
74,7.4,15,ok,0.9032,0.4254
75,7.5,15,ok,0.9032,0.4254
76,7.6,15,ok,0.9032,0.4254
77,7.7,15,ok,0.9032,0.4254
78,7.8,15,ok,0.9032,0.4254
79,7.9,15,ok,0.9032,0.4254
80,8,15,ok,0.9032,0.4254
81,8.1,15,ok,0.9032,0.4705
82,8.2,14,ok,0.9032,0.4705
83,8.3,14,ok,0.9032,0.4705
84,8.4,14,ok,0.9032,0.4705
85,8.5,14,ok,0.9032,0.4705
86,8.6,14,ok,0.9032,0.4705
87,8.7,14,ok,0.9032,0.4705
88,8.8,14,ok,0.9032,0.4705
89,8.9,14,ok,0.9032,0.4705
90,9,14,ok,0.9032,0.4705
91,9.1,14,ok,0.9032,0.516
92,9.2,14,ok,0.9032,0.516
93,9.3,14,ok,0.9032,0.516
94,9.4,14,ok,0.9032,0.516
95,9.5,14,ok,0.9032,0.516
96,9.6,14,ok,0.9032,0.516
97,9.7,14,ok,0.9032,0.516
98,9.8,14,ok,0.9032,0.516
99,9.9,14,ok,0.9032,0.516
100,10,14,ok,0.9032,0.516
101,10.1,14,ok,0.9032,0.4705
102,10.2,14,ok,0.9032,0.4705
103,10.3,14,ok,0.9032,0.4705
104,10.4,14,ok,0.9032,0.4705
105,10.5,14,ok,0.9032,0.4705
106,10.6,14,ok,0.9032,0.4705
107,10.7,14,ok,0.9032,0.4705
108,10.8,14,ok,0.9032,0.4705
109,10.9,14,ok,0.9032,0.4705
110,11,14,ok,0.9032,0.4705
111,11.1,14,ok,0.9032,0.4705
112,11.2,14,ok,0.9032,0.4705
113,11.3,14,ok,0.9032,0.4705
114,11.4,14,ok,0.9032,0.4705
115,11.5,14,ok,0.9032,0.4705
116,11.6,14,ok,0.9032,0.4705
117,11.7,14,ok,0.9032,0.4705
118,11.8,14,ok,0.9032,0.4705
119,11.9,14,ok,0.9032,0.4705
120,12,14,ok,0.9032,0.4705
121,12.1,14,ok,0.9032,0.4705
122,12.2,14,ok,0.9032,0.4705
123,12.3,14,ok,0.9032,0.4705
124,12.4,14,ok,0.9032,0.4705
125,12.5,14,ok,0.9032,0.4705
126,12.6,14,ok,0.9032,0.4705
127,12.7,14,ok,0.9032,0.4705
128,12.8,14,ok,0.9032,0.4705
129,12.9,14,ok,0.9032,0.4705
130,13,14,ok,0.9032,0.4705
131,13.1,14,ok,0.9032,0.4705
132,13.2,14,ok,0.9032,0.4705
133,13.3,14,ok,0.9032,0.4705
134,13.4,14,ok,0.9032,0.4705
135,13.5,14,ok,0.9032,0.4705
136,13.6,14,ok,0.9032,0.4705
137,13.7,14,ok,0.9032,0.4705
138,13.8,14,ok,0.9032,0.4705
139,13.9,14,ok,0.9032,0.4705
140,14,14,ok,0.9032,0.4705
141,14.1,14,ok,0.918,0.4705
142,14.2,14,ok,0.918,0.4705
143,14.3,14,ok,0.918,0.4705
144,14.4,14,ok,0.918,0.4705
145,14.5,14,ok,0.918,0.4705
146,14.6,14,ok,0.918,0.4705
147,14.7,14,ok,0.918,0.4705
148,14.8,14,ok,0.918,0.4705
149,14.9,14,ok,0.918,0.4705
150,15,14,ok,0.918,0.4705
151,15.1,14,ok,0.9032,0.4705
152,15.2,14,ok,0.9032,0.4705
153,15.3,14,ok,0.9032,0.4705
154,15.4,14,ok,0.9032,0.4705
155,15.5,14,ok,0.9032,0.4705
156,15.6,14,ok,0.9032,0.4705
157,15.7,14,ok,0.9032,0.4705
158,15.8,14,ok,0.9032,0.4705
159,15.9,14,ok,0.9032,0.4705
160,16,14,ok,0.9032,0.4705
161,16.1,14,ok,0.9032,0.4705
162,16.2,14,ok,0.9032,0.4705
163,16.3,14,ok,0.9032,0.4705
164,16.4,14,ok,0.9032,0.4705
165,16.5,14,ok,0.9032,0.4705
166,16.6,14,ok,0.9032,0.4705
167,16.7,14,ok,0.9032,0.4705
168,16.8,14,ok,0.9032,0.4705
169,16.9,14,ok,0.9032,0.4705
170,17,14,ok,0.9032,0.4705
171,17.1,14,ok,0.9032,0.4705
172,17.2,14,ok,0.9032,0.4705
173,17.3,14,ok,0.9032,0.4705
174,17.4,14,ok,0.9032,0.4705
175,17.5,14,ok,0.9032,0.4705
176,17.6,14,ok,0.9032,0.4705
177,17.7,14,ok,0.9032,0.4705
178,17.8,14,ok,0.9032,0.4705
179,17.9,14,ok,0.9032,0.4705
180,18,14,ok,0.9032,0.4705
181,18.1,14,ok,0.9032,0.4705
182,18.2,14,ok,0.9032,0.4705
183,18.3,14,ok,0.9032,0.4705
184,18.4,14,ok,0.9032,0.4705
185,18.5,14,ok,0.9032,0.4705
186,18.6,14,ok,0.9032,0.4705
187,18.7,14,ok,0.9032,0.4705
188,18.8,14,ok,0.9032,0.4705
189,18.9,14,ok,0.9032,0.4705
190,19,14,ok,0.9032,0.4705
191,19.1,14,ok,0.9032,0.4705
192,19.2,14,ok,0.9032,0.4705
193,19.3,14,ok,0.9032,0.4705
194,19.4,14,ok,0.9032,0.4705
195,19.5,14,ok,0.9032,0.4705
196,19.6,14,ok,0.9032,0.4705
197,19.7,14,ok,0.9032,0.4705
198,19.8,14,ok,0.9032,0.4705
199,19.9,14,ok,0.9032,0.4705
200,20,14,ok,0.9032,0.4705
